:020000040800F2
:10200000605500209126000899B900089DB9000884
:1020100000000000000000000000000000000000C0
:10202000000000000000000000000000B5B900083A
:102030000000000000000000B7B90008B9B90008AE
:10204000E1260008E1260008E1260008E126000854
:10205000E1260008E1260008E1260008E126000844
:1020600000000000E1260008E1260008E9B90008A8
:10207000E1260008E1260008E12600080000000033
:10208000E1260008E126000800000000E126000823
:10209000E1260008E1260008E1260008E126000804
:1020A00000000000E1260008E1260008C9B9000888
:1020B000D9B90008E1260008000000000000000077
:1020C00010B5064C2378002B07D1054B002B02D00E
:1020D000044800E000BF0123237010BD2810002039
:1020E00000000000F4100108044B10B5002B03D0D1
:1020F0000349044800E000BF10BDC04600000000D6
:102100002C100020F410010802B47146490849005F
:10211000095649008E4402BC7047C04602B471465D
:1021200049084900095C49008E4402BC7047C0461A
:1021300003B47146490840004900095E49008E44D5
:1021400003BC704703B47146490840004900095A6E
:1021500049008E4403BC7047002243088B4274D36D
:1021600003098B425FD3030A8B4244D3030B8B4298
:1021700028D3030C8B420DD3FF22090212BA030CA1
:102180008B4202D31212090265D0030B8B4219D382
:1021900000E0090AC30B8B4201D3CB03C01A5241A2
:1021A000830B8B4201D38B03C01A5241430B8B42EA
:1021B00001D34B03C01A5241030B8B4201D30B03D3
:1021C000C01A5241C30A8B4201D3CB02C01A5241FA
:1021D000830A8B4201D38B02C01A5241430A8B42BD
:1021E00001D34B02C01A5241030A8B4201D30B02A6
:1021F000C01A5241CDD2C3098B4201D3CB01C01AC0
:10220000524183098B4201D38B01C01A52414309C9
:102210008B4201D34B01C01A524103098B4201D3B7
:102220000B01C01A5241C3088B4201D3CB00C01A24
:10223000524183088B4201D38B00C01A524143089C
:102240008B4201D34B00C01A5241411A00D20146C1
:10225000524110467047FFE701B5002000F0F0F84A
:1022600002BDC0460029F7D076E7704703460B430E
:102270007FD4002243088B4274D303098B425FD37F
:10228000030A8B4244D3030B8B4228D3030C8B42AB
:102290000DD3FF22090212BA030C8B4202D3121291
:1022A000090265D0030B8B4219D300E0090AC30B66
:1022B0008B4201D3CB03C01A5241830B8B4201D313
:1022C0008B03C01A5241430B8B4201D34B03C01AFC
:1022D0005241030B8B4201D30B03C01A5241C30A74
:1022E0008B4201D3CB02C01A5241830A8B4201D3E5
:1022F0008B02C01A5241430A8B4201D34B02C01ACF
:102300005241030A8B4201D30B02C01A5241CDD273
:10231000C3098B4201D3CB01C01A524183098B42BE
:1023200001D38B01C01A524143098B4201D34B01A7
:10233000C01A524103098B4201D30B01C01A52410A
:10234000C3088B4201D3CB00C01A524183088B4291
:1023500001D38B00C01A524143088B4201D34B007A
:10236000C01A5241411A00D20146524110467047EC
:102370005DE0CA0F00D04942031000D340425340F1
:1023800000229C4603098B422DD3030A8B4212D3B1
:10239000FC22890112BA030A8B420CD389019211E3
:1023A0008B4208D3890192118B4204D389013AD020
:1023B000921100E08909C3098B4201D3CB01C01AF5
:1023C000524183098B4201D38B01C01A5241430908
:1023D0008B4201D34B01C01A524103098B4201D3F6
:1023E0000B01C01A5241C3088B4201D3CB00C01A63
:1023F000524183088B4201D38B00C01A5241D9D27B
:1024000043088B4201D34B00C01A5241411A00D2FB
:102410000146634652415B10104601D34042002BF7
:1024200000D54942704763465B1000D3404201B576
:10243000002000F005F802BD0029F8D016E770472B
:102440007047C0460023C25C0133002AFBD1581EEE
:102450007047000070B50D4E0D4DAD1BAD1006D090
:102460000024A300F35801349847A542F9D10EF097
:1024700041FE084E084DAD1BAD1006D00024A30050
:10248000F35801349847A542F9D170BDB42B010827
:10249000B42B0108B42B0108BC2B0108F0B583074D
:1024A00046D0541E002A42D0CEB20200032502E0DC
:1024B0001A00013C3BD3531C16702B42F8D1032C5D
:1024C0002DD9FF220A40150215432A0415430F2C6B
:1024D00016D92700103F3F093E01B4461E001A00DE
:1024E00010366644156055609560D5601032B24272
:1024F000F8D10F2201373F01DB191440032C0ED90C
:10250000261FB608B700BC461A001F1D674420C22C
:10251000BA42FCD103220136B6009B191440002CAC
:1025200005D0C9B21C19197001339C42FBD1F0BD12
:1025300014000300C3E7C046034B10B5002B02D0C4
:10254000024800F005F810BD0000000061250008F9
:1025500010B5010000230022002000F01FF810BD7C
:1025600070B5094B094CE41AA41009D0084AA51803
:10257000AD00ED182B68013C9847043D002CF9D1C3
:102580000EF0BEFD70BDC046BC2B0108C02B01087B
:10259000FFFFFF3F7047C0467047C046F0B54E464C
:1025A0004546DE465746E0B5364D83B006002868FE
:1025B00098460F009146FFF7EDFF334B1C68A423AC
:1025C0005B00E058002852D043681F2B13DC5A1CD4
:1025D0000192002E28D1019A02339B0042601F50C5
:1025E0002868FFF7D9FF002003B03CBC904699460D
:1025F000A246AB46F0BD254B002B3DD0C820400085
:1026000000E000BF002837D0A42200235200A158C8
:1026100043600160A0504032835004328350013344
:1026200001930023002ED6D09A00924682444A4657
:10263000882154466250C4225200914681444A4641
:102640008739994012688B460A4394464A46614648
:102650001160842241465200A150022EBBD10200DB
:102660005C468D32FF3211680C431460B3E72000E2
:102670004D30FF30E050A7E72868FFF78DFF0120BD
:102680004042B1E73004002058110108000000006A
:102690000D4885460D480E490E4A002302E0D458E5
:1026A000C4500433C4188C42F9D30B4A0B4C00239A
:1026B00001E013600432A242FBD300F013F8FFF7ED
:1026C000C9FE0DF069FFFEE7605500200000002004
:1026D000EC090020C02B010800100020443200202B
:1026E000FEE700000122344B3448196882B01143E0
:1026F00019605968014059601968314801401960F2
:10270000196830480140196059682F4801400F206E
:102710005960D96A8143D962196B2C480140196309
:10272000596B573091435963002199600091019191
:102730001968FF300A43A0211A60C9011A680240D3
:102740000192009A01320092019A002A02D1009A65
:102750008A42F3D102211A680A4000D00122019274
:10276000019A012A26D11221194A11605A68194981
:102770005A605A685A605A680A405A60A2225968D8
:1027800092030A435A608022196852040A431A606D
:102790008022920419681142FCD003215A688A43AE
:1027A0005A60022259680A430C215A605A680A404A
:1027B000082AFBD102B07047001002400CB8FFF8A5
:1027C000FFFFF6FEFFFFFBFFFFFFC0FFACFEFFFFBA
:1027D00000200240FF7FC0FF074B10B5984209D18F
:1027E00080200121800000F01BFA80200021800061
:1027F00000F016FA10BDC0460024014010B50B6869
:102800008C68C2682343CC6823430C6923434C691A
:102810002343044C224013430A7952031343C360F9
:1028200010BDC04603D2FFFF002303600371836025
:10283000C36003614361704782680123002900D1AE
:102840000223134383607047836A194381624261A4
:1028500070478022816812060A438260F0220300DA
:102860001202013A9968002A01D00029F9DB002000
:102870009A68824200DB186C704704238268134315
:1028800083607047006C80B270470000CB0107D5B1
:102890008068044B18400140481E8141C8B270470F
:1028A0000068F8E7FFFFFFFE016070470368184A01
:1028B000134003600023036043608360C360154BD3
:1028C000984205D10F23144A51680B435360704757
:1028D000124B984203D1104AF0235168F5E7104B90
:1028E000984204D1F0230C4A1B015168EDE70D4BCF
:1028F000984204D1F023084A1B025168E5E70A4BCD
:102900009842E4D1F023044A1B035168DDE7C04636
:10291000FEFF000008000240000002401C000240D0
:1029200030000240440002405800024002680D4B53
:1029300010B51A400C6A8B6823430C6923434C6919
:1029400023438C692343CC6923434C6A23438C6A19
:10295000234313430360CB6843600B6883604B6879
:10296000C36010BD0F80FFFF002904D0012302685F
:102970001343036070470368014A1340F9E7C046F8
:10298000FEFF00000368002A02D01943016070476F
:102990008B430360FBE700000023C20001D4034B1C
:1029A0001B681840431E9841C0B2704700000240A7
:1029B000C30001D4014B58607047C046000002407C
:1029C00010B5FFF7E9FF10BDF7B503220B68944679
:1029D0000193002301279F40019A3A4097422CD14E
:1029E00064465D00AC400A79E443561E0092012E15
:1029F00011D8866826408660866832004E79AE40DF
:102A0000164386608688BE4386808F7986889F407D
:102A10003E43B6B28680009A0668AA4034400460FD
:102A2000046822436446AC400260C268A243C260AC
:102A3000CA79C468AA402243C2600133102BC9D1AD
:102A4000F7BD0000044B01220360002342710371B3
:102A50008371C3717047C046FFFF0000008A0840C1
:102A6000411E8841C0B27047008A80B270478161C0
:102A700070470185704781827047072310B50F2486
:102A80000B409B009C409A40C90889004018016A8D
:102A9000A1430162016A0A43026210BD1F23F0B51F
:102AA0000124027813409C408378002B17D0032622
:102AB000FF2791083240B2403E00C0259640094BA6
:102AC0008900C918AD004B59B3431E0043789B01E0
:102AD0003B40934033434B51024B1C60F0BD024BD3
:102AE000DC67FBE700E100E004E100E00C2270B5E8
:102AF000334D04006B681340082B05D093423DD042
:102B0000304B236000200CE00F23C0226868696806
:102B1000800C18405202861C114228D12A4870436A
:102B2000206021686B680A00284E1B061B0FF35CAF
:102B3000DA40130062606A685205520FB25CD340FB
:102B4000A3602A6BD2051BD4214AE2602A6BD2060D
:102B50001DD41C4A626103222E6B164219D1A36157
:102B6000E3612B6B1B0628D41A4B636270BDE96AC4
:102B7000144819400131FFF7EFFAD0E7154BC0E7D1
:102B80006A68520401D45A08DFE79A08DDE76161F8
:102B9000E1E72E6B1640012E01D1A161E0E7296B20
:102BA0001140022903D180221202A261D8E7296BC9
:102BB0000A40032AD4D1034AF7E76062D6E7C04649
:102BC0000010024000127A0000093D003804002085
:102BD000809FD500006CDC02044B5A69002902D0AA
:102BE00010435861704782435A61FBE7001002406E
:102BF000044B9A69002902D01043986170478243C0
:102C00009A61FBE700100240044BDA69002902D008
:102C10001043D86170478243DA61FBE7001002403D
:102C2000044BDA68002902D01043D8607047824311
:102C3000DA60FBE700100240044B1A69002902D059
:102C400010431861704782431A61FBE7001002408D
:102C50000E4B10B598420AD1802001214001FFF7A8
:102C6000DFFF802000214001FFF7DAFF10BD084B95
:102C70009842FBD180200121C001FFF7DDFF8020B9
:102C80000021C001FFF7D8FFF0E7C0460030014047
:102C900000380040C12302889B0110B51A40CC893E
:102CA0000B882343CC8823430C8923434C8923433B
:102CB0008C892343134303808388074A13408A88FF
:102CC0001343042283800B8A0382038893434A8838
:102CD0001343038010BDC046FFF0FFFF402302886E
:102CE000002902D01343038070479A430280FBE718
:102CF00001737047007BC0B2704700890840411ED5
:102D00008841C0B27047000030B50388154C9BB2B3
:102D1000A04206D08022D205904202D0124A9042B0
:102D200003D1702293434A881343104A904203D040
:102D30000F4A0D8913402B4303804B68C3620B88F5
:102D40000385A04208D00B4B984205D00A4B98420D
:102D500002D00A4B984201D18B7A038601238382E9
:102D600030BDC046002C014000040040001000406F
:102D7000FFFCFFFF004001400044014000480140CB
:102D800001230288002902D01343038070479A432D
:102D90000280FBE70630C38F002904D08022120294
:102DA0001343C38770475B045B0CFAE7038C124A3A
:102DB00070B513400384038C104A8588848B8E89F8
:102DC00014400A88ADB2120214430D4AA4B2134053
:102DD0004A883243120313430A4A9BB2904205D1F8
:102DE000094A2A400D8AAD011543ADB28A68858033
:102DF00084830264038470BDFFEFFFFFFF8CFFFF3D
:102E0000FFDFFFFF002C0140FFBFFFFF8389002A87
:102E100002D01943818170478B438381FBE71143C3
:102E200048300180704710B5FFF7F0FF10BD00007B
:102E3000012230B50D0003688BB0934303604368F3
:102E40001D4A040013408A681343436003681B4A09
:102E50001A404B68C9680B4329690B43134303604D
:102E60008368174A13406A69134383606846FFF713
:102E70003DFE144B06989C4204D0134B00209C420C
:102E800000D1079823682D681B0400D54000290055
:102E9000FFF7E8F900236D08A9425B41C0182368D9
:102EA0001B0404D5094A03075B0F1040184380B286
:102EB000A0810BB030BDC046FFCFFFFFF3E9FFFF9D
:102EC000FFFCFFFF0038014000440040F0FF00001D
:102ED00001230268002902D01343036070479A431C
:102EE0000260FBE7808CC005C00D7047012310B560
:102EF0008CB2C9B2240A8B40022C06D10430002ABD
:102F000007D002681343036010BD032CF7D10830CB
:102F1000F5E702689A430260F6E7012310B58AB22A
:102F2000CCB2120AA340012A0DD102681340C26933
:102F30000020834206D0090C013088401040431E17
:102F40009841C0B210BD022A01D14268EEE7826802
:102F5000ECE770477047000010B51A2200210348C3
:102F6000FFF79CFAFF22024B1A7010BD501300208D
:102F70007013002070B50500FFF7EEFF01200CF084
:102F80009DFB0DF035F80CF0C9FD0D4C2378022B9C
:102F900005D10AF089F9002D01D00AF05DF92378F6
:102FA000012B02D10AF07EFE70BD0E3B022BFBD836
:102FB0000023237006F0AAF801F084F8F4E7C04675
:102FC0007413002010B5144A137C002B22D013492F
:102FD00004200B781C008443012C1BD0082B19D033
:102FE0004B8B002B16D00E4800780238012811D9DF
:102FF0000C48007801280DD1013B9BB24B83002B7C
:1030000008D1D37E002B05D1D07605F063FC1D20BE
:1030100008F0C4F810BDC046FA1300207413002055
:10302000B81300206D13002010B5084BDA7E002A7B
:1030300008D000221E20DA7608F0B0F8012005F052
:1030400049FC10BD01221D20DA76F5E7FA130020B5
:1030500010B5FFF781FF0DF02BFA064C0321207904
:103060000130FFF7E9F9217106F050F8032007F06D
:10307000C5FC10BDFA13002010B5FFF76DFF0DF071
:1030800017FAF522114B5200995CA73AFF3A4A43CE
:103090009B180833D87F002802D107F0AFFC10BD81
:1030A0000B4C00290BD1607B03310130FFF7C4F9D1
:1030B0006173032007F0A2FC05F07EFFEFE7A07B21
:1030C00003210130FFF7B8F9A173F2E7581100208E
:1030D000FA13002010B5074B3A331A78002A07D1AB
:1030E00001321A7005F016FC032007F087FC10BDB2
:1030F0000022F6E7FA130020F8B5244D2B003A33EE
:103100001B78002B08D0224B224C1B78022B04D1B9
:103110000F22E27000222271F8BD1F4E3378012B7E
:1031200002D1A37B012BF3D008F05CF80028EFD18B
:103130001A4B1B78002BEBD12378002BE8D1237995
:10314000E2781B021343E7D108F06AFAAA78144B1D
:103150009B1832785B78022A01D1083BDBB28342AC
:10316000DAD20135EB7F0025053363711B0AA371A9
:10317000012AD1D100F048FF3378022BCCD00C22A9
:103180002571E2706571A571C6E7C046FA1300208B
:10319000B8130020741300206D130020F02F0020BE
:1031A000CF15010870B5FFF7D7FE0DF081F9F522B4
:1031B00001200F4B52009C5CA73AFF3A62439A18D9
:1031C000951CE97F083201310140E977D27F002A5E
:1031D0000BD164011B1998331A780F241100214078
:1031E0000918A24301400A431A7005F0E5FE70BDBC
:1031F000581100202C4B70B51C78002C15D12B4D8C
:10320000AB7F012B3ED102290FD12100200002F01B
:1032100027FA02F009FE02F091FD200008F0B2FB4F
:10322000FF22234BAC779C701A7070BD002009F010
:1032300013FBFAE70120FAE70220F8E70320F6E79C
:103240000420F4E70520F2E70620F0E70720EEE788
:103250000820ECE70920EAE70A20E8E70B20E6E788
:103260000C20E4E70D20E2E70E20E0E70F20DEE788
:10327000104B5A7F032A01D903225A77587F113005
:10328000C0B2D4E70229D0D001381428CDD8FEF737
:103290003BFFEFE5CCE3CCE3E5E7E9CDD1D3D5D7F0
:1032A000D9DBDDDFE1EBED00F02F0020741300200F
:1032B000A6180020FA130020CB08C01807231940D5
:1032C000063B8B40027813430370704710B503F040
:1032D00045FD03F01FFC03F0F7FD09F081FA03F050
:1032E0006DFF09F0D5FD10BD10B5002A02D0FFF723
:1032F000E3FF10BDCB08C0180723012219408A4004
:10330000037893430370F4E702000120FA2A07D8F8
:103310000020824204D06930904280414042023015
:1033200070470000174910B5FEF716FF164A030054
:1033300081181822FF32914204D8144B1879431E89
:10334000984110BD124A1189814203D85189012048
:103350009942F6D89189994203D8D189012099429E
:10336000EFD81188994203D8518801209942E8D8B2
:10337000918800209942E4D8D0888342804140421D
:10338000DFE7C04610270000C8FBFFFFAC18002095
:10339000B4180020072210B50240C4080120064BD3
:1033A00090401B19002903D0F0331B78184010BD42
:1033B0006E33FF33F9E7C0465811002070B5013075
:1033C0000D000B49FFF738F8094E8CB22900200098
:1033D000FFF7E0FF002809D1601C0549FFF72CF832
:1033E000013EB6B28CB2002EF0D1024C200070BD6E
:1033F000E7030000FFFF000070B50D00002813D0A8
:10340000013884B20A4E29002000FFF7C3FF0028CC
:1034100008D1002C0AD0013CA4B2013EB6B2002E65
:10342000F1D1044C200070BD034CEBE7024CF4E7F3
:10343000E7030000FFFF0000E6030000F0B57D2277
:1034400087B000214148FFF729F87D22002140483C
:10345000FFF724F8EE23F72100243E4AFF3349000A
:10346000D45454540293A3B2019305AD63011800E0
:1034700004222900039303F082F82B78FF2B32D02B
:10348000EB78002B2FD00020642604ABDA1DDD1C66
:103490000A27117870430B097B43053739405918C7
:1034A000C9B21170013A08189542F1D1FFF73AFFFD
:1034B0000500012817D101992448FFF7FDFE039864
:1034C000029B244E05AF0F302A003900F55403F05B
:1034D00056F83B785B0706D501991D48FFF7ECFECF
:1034E000F7235B00F5541C4B01349C42BBD1194CB3
:1034F000029AA25C012A27D1F032FF32A15A9942E6
:1035000001D90021A152F9225200A15A994201D9B0
:103510000023A352F8256D00665B00213000FFF701
:1035200039FF011E03D13000FFF748FF6053F92532
:103530006D00665B00213000FFF72CFF011E03D1F8
:103540003000FFF73BFF605307B0F0BDC51200200D
:103550004812002058110020E70300007FB501AC9D
:103560000E0015000749020020000DF0E7F80023C7
:10357000DAB2954200D87FBDE25C303AF2540133B2
:10358000F6E7C046E4150108002330B5074C9A0061
:1035900012191588D9B2854202D85288824203D8BE
:1035A0000133042BF3D10021080030BDB4180020F2
:1035B000F523442209495B00CB5C5A438B18180061
:1035C000283000785258012803D1D96A8A18DA6065
:1035D00070470228FBD1D96A521AF8E75811002027
:1035E00070B5F52544230B4C6D00625D53435101CA
:1035F000E21810003030007888310919002807D00F
:10360000D0680822FFF7AAFF605D03F0BDFA70BD25
:103610001859F6E75811002010B50CF049FFF522B3
:10362000094B5200995C00290CD000219954995CF7
:1036300044224A439B18054A136005F0BDFC00F084
:1036400041FD10BD0121F1E7581100205411002067
:10365000F52310B507495B00CA5CA73BFF3B53430A
:10366000CA18100000240C3330305B1804709261CB
:10367000D36110BD58110020F7B50190FFF7E8FFA6
:10368000F5234425274C5B00E75C274A7D432B59F3
:1036900026490093631929331B785B00985A009BD5
:1036A000C0182851FEF758FD019B0600002B0FD0D3
:1036B0001F4BDA8D998D0A235A43824202D94B431C
:1036C000834214D944231B4A7B434A43E2500EE011
:1036D00016490098FEF740FD174B1B79012B11D1BD
:1036E000164B98420ED89E4201D9154B2B51FFF72D
:1036F0005FFFFFF775FF00F0E5FC05F05DFC09F0EA
:1037000053FAF7BD80B2FFF73FFF40000D4A431C5C
:103710005B009B5AB342EAD84423043080007B43C9
:103720008258D3E758110020EA150108102700003D
:10373000FA130020A0860100AC1800204F050000FD
:1037400080CBA400B4180020F0B585B00390FFF73B
:103750007FFFF5234425274C5B00E35C264A5D434D
:1037600000932B5925490193631929331B785B007A
:103770009B5A0293029A019B9F1A2F513800FEF721
:10378000EBFC039B0600002B1DD00A221C4BD98D9D
:103790009B8D5343834202D84A43824207D244223C
:1037A000009B5A43174B4B4302995B1AA350FFF7F8
:1037B000FFFEFFF715FF00F085FC05F0FDFB09F0AB
:1037C000F3F905B0F0BD0D490198FEF7C5FC80B2D4
:1037D000FFF7DAFE0C4943008000425A9642E6D2D7
:1037E0005A1D043392009B0052585B58D31ADB19C0
:1037F0002B51DCE758110020EA15010810270000C2
:10380000FA130020A0860100B418002070B504004F
:10381000FFF71EFF6378012B08D1A379302B05D168
:10382000FFF79AFB002007F0E9F870BD05F0CEFC29
:103830006378E3185D79244B303DD879EDB20028E8
:1038400035D107F0DBF86378062BEED10CF030FEB3
:10385000002321000A2662780C31A2189371A21D60
:103860007343303B1800137801321B188A42F7D19A
:103870000022627064245C43092D1CD1193C200095
:10388000FFF750FD00281AD0F523104A5B00D15CE9
:10389000A73BFF3B4B439C50FFF78AFEFFF7A0FE80
:1038A00000F010FC05F088FB09F07EF9BDE7280068
:1038B00007F006FAC7E7064B5B5D1C19DFE7052139
:1038C0003F2007F0DBFCEBE7FA1300205811002043
:1038D000DA150108F8B5F5274424FFF73DFB0CF095
:1038E000E7FD1D4D7F00EE5D6643AE1933002833C2
:1038F0001B78002B03D1072007F080F8F8BDF06893
:10390000FFF710FD012821D1303630780321013036
:10391000FEF792FD06200E0007F070F8EB5D6343A2
:10392000EA18110030310E70012E08D10C335B19EA
:103930009361D26100F0C6FB05F0E8FBDEE792611F
:10394000022EF6D00C335B19D361F3E7FFF780FE4C
:10395000002007F053F8EDE758110020030010B5E0
:103960000A21002408334C430278013014198342A1
:10397000F9D12000FFF7D6FC002801D1014B1C69CA
:10398000200010BDB418002000230A2210B5C11D6C
:10399000534304780130E3188842F9D15A431000A8
:1039A00010BD00004423F0B543439B4C87B0E3189F
:1039B0001A000090002030321070EE22FF32A25C1C
:1039C000824200D099E00833DA774423009A5A43C0
:1039D000A3180833DB7F0292012B00D0A9E0142248
:1039E000009E5643C836A61900290CD06D0131003F
:1039F000280002F0C4FD2800029914303231611809
:103A00000C2202F0BCFD00230A250F20F15C0A09FC
:103A10006A430140511804AA99540133082BF5D187
:103A200013000027511E642203330197019D18786B
:103A3000554328180190380050431F79013BC7199E
:103A40009942F3D144251420009B5D43019B6351AF
:103A5000009B6519584324182300EF60D0331E885B
:103A600003933000FFF750FC23002871AE60D2337F
:103A70001E883000FFF748FC039B28746E61DB79D9
:103A80006A1C5B06DB0FD37723000F22D6331B782B
:103A9000A91C1A40CA772200D73211780122E81CEB
:103AA0001140C1771B09291DCB77039B691DDB7969
:103AB0009B069B0FCB77039BA91DDB791B07DB0FB5
:103AC000CB772100D4310978EB1DD977D534217813
:103AD0002A331970019B2835BB4222D92A7044220F
:103AE000009B4D495A43029B8A185B189361029BC5
:103AF0000C335B18D36107B0F0BD484B009A9B7E36
:103B0000002A07D022001B096B321370F9235B00D7
:103B1000E55A5AE722001B071B0F0832D377F82318
:103B2000F5E7019BBB4202D202232B70D7E70023AB
:103B3000FBE7002902D0009803F090F8009B442591
:103B40005B011800883020180193FFF707FF009BE6
:103B500006005D43019B6051E318039390331F8877
:103B600065193800FFF7D0FB039B2871AF609633CF
:103B70001B78019803935F092B009C3028331F703A
:103B80002018FFF701FFE862012F41D13618EE60DF
:103B9000019B214DEC18230092331E883000FFF763
:103BA000B3FB44232100009A98315343EB18187457
:103BB0005E614A78581C5206D20FC2770A780F21EC
:103BC000981C1140C1772100012699310978D81C31
:103BD0003140C1770320191D1209CA77009A591D77
:103BE00005325201AD18EA78039D0240CA770B49AD
:103BF0009A1DC87B9B34D0771F2215401A00D81D10
:103C0000C577207829321070CA7A31331A7066E786
:103C1000022FBCD1361ABAE758110020FA1300203F
:103C2000F8B5F5270D00FA21104C7F00E35D49003F
:103C3000F833615A5B0006001953002D01D0FFF7DD
:103C40008BF9E05D0121FFF7ADFE002E0AD1002DBA
:103C500006D1FA235B00E05A0130C0B207F054F8F5
:103C600003F03AF800F02EFAF8BDC04658110020D3
:103C7000F8B5FA2605000C4C7600A05B0F00290071
:103C8000FFF79CFB094BA053984204D1EE2300227E
:103C9000FF33E254F8BD39002800FFF7C1FF05F0FB
:103CA00035FA08F081FFF5E758110020FFFF00000A
:103CB000F8B5FA2605000C4C7600A05B0F00290031
:103CC000FFF79AFB094BA053984204D1EE23002240
:103CD000FF33E254F8BD39002800FFF7A1FF05F0DB
:103CE00015FA08F061FFF5E758110020FFFF00000A
:103CF00070B5040005F030FA1A4BD879002820D1AD
:103D000006F07CFE6378032B1AD100250CF0D0FB63
:103D10006378A01DE3189D710CF0D6FC124B01389E
:103D200084B29C4205D829002000FFF733FBA8424B
:103D30000FD1002006F062FEFFF70EF905F0E6F95C
:103D400070BD6378E31858793038C0B206F0B8FF18
:103D5000D8E7FA23054A5B0001212800D452FFF777
:103D60005FFFEBE7FA130020E60300005811002084
:103D700070B50CF09DFBF5231C4C5B00E05CA73B91
:103D8000FF3B4343E3180833DA7F002A24D1013292
:103D9000DA77174A2300002820D00F256B331978D3
:103DA000937E09012B400B4393760121FFF7FAFD27
:103DB00005F002F900F086F9F5235B00E25CA73B11
:103DC000FF3B5343E4180834E37F3320002B00D03B
:103DD000322007F0E3F970BD0022D9E70F25083340
:103DE000D97F937E2940AB43DDE7C04658110020C0
:103DF000FA13002010B501210020FFF7D3FD0121A7
:103E00000800FFF7CFFDF523054A5B00D15CA73B17
:103E1000FF3B4B439B18034A136005F077F910BD35
:103E20005811002054110020F6220C4B10B50C49FB
:103E30005200984202D800238B5410BD094B0A4C03
:103E4000C3189BB2A34201D80223F5E7074BC01861
:103E500080B20323A042EFD90123EDE7CF07000092
:103E60005811002030F8FFFFE703000048F4FFFF7F
:103E700070B5114AD378002B05D0104B1049C318E8
:103E800001248B4216D90F4B002438331D78012DA5
:103E900010D85378A3420DD00B49FEF75DF90C23DF
:103EA0005D430A4B5B191A89824203D85B899842A9
:103EB00080414442200070BDAC180020009423FDD6
:103EC00000093D007413002010270000101601089F
:103ED00070B52E490500FEF73FF9040080B2FFF7E8
:103EE000A3FF2800FFF7C4FF01284ED0284B38332A
:103EF0001D78284B012D0CD8274A5078002808D16E
:103F00000C226A439A181189A14202D85289A2420E
:103F10003BD80C2169435A5AA24204D859184A88FE
:103F20000120A24231D80C22110069435918888817
:103F3000A04203D8C9880120A14226D86A439B1811
:103F40001A89A24203D85B890120A3421DD8134BD2
:103F50009A88A24203D8DA880120A24215D89A8909
:103F6000A24203D8DA890120A2420ED81A89A242BD
:103F700003D85A890120A24207D81A880020A242F9
:103F800003D8588884428041404270BD1027000009
:103F90007413002010160108AC180020B41800207B
:103FA00070B582260125012001F054FA302001F07D
:103FB000EFFB002001F0EAFF012007F0E3FC114CC9
:103FC00076006680657002F0E7F800280BD00020CC
:103FD00007F0D8FC1E20FEF7BDFF01F0AFFE002069
:103FE00001F038FA70BD608880B20028EBD16378A8
:103FF000012B04D1607001F0CBFB6680E3E76570B4
:104000003020F8E7481D002070B508F0B7FD08F033
:1040100059FB0020FEF7AEFF234C2378042B0BD175
:10402000224D2B78042B07D001210020FFF7F8FD4B
:1040300000232B706B802370237E002B01D00BF0AC
:1040400009F80CF035FA1A4E3368D868FFF740FFCC
:10405000336805000633DB7F002B02D0E37D012BA4
:104060001BD0144B31331E78002E16D10CF0BEF845
:10407000012812D1EDB2012D0FD1F6230E4A5B00BB
:10408000D35CE418A37A012B07D102220B4B1A70E0
:104090000B4B1E7005F0E0F870BDFFF781FF0CF0D0
:1040A00041F908F049FBF7E774130020E0310020E4
:1040B00054110020FA130020581100206D13002025
:1040C0006A13002010B5002007F0ACFB002001F0BF
:1040D0006DFA0023034A1370034A9373D3750CF0EF
:1040E00021F910BDB81300207413002010B5002072
:1040F00007F07EFB002007F095FBF623044A5B00E7
:10410000D05C002107F0FEFB002001F04FFA10BD4B
:104110005811002010B5002007F06AFB0F4B1B68F8
:1041200031331B78002B02D0012008F043FD03221D
:104130000B4B0A201A7000220A4B0B495A709A70D6
:104140001A715A719A710A70084AD870927D002AC1
:1041500003D00232DA71120A1A7210BD5411002013
:104160006A13002074130020B8130020FA130020F3
:1041700010B50E4CE37D012B0ED108F0A1FB237D81
:10418000002B06D0012001F08DFB96204000FEF7A9
:10419000E1FEFFF7BFFF10BD022BF0D101F0D0FA16
:1041A00001F09AFE01F09EFAE9E7C046FA130020FA
:1041B00070B5294B5A79002A4AD0284D28332A68ED
:1041C00010021A780A235343000C98420EDA032196
:1041D000FEF748F889B2224C00293AD12378002B07
:1041E00004D1022007F004FB012323702B681C027A
:1041F000240C2DD1AB7F012B11D12100200001F027
:104200002FFA200001F016FA01F098FD200001F0CD
:10421000CDF9200007F0B6FBAC7702F083F8FFF78A
:10422000A7FF01220F4B00201A7001F061F8F6235E
:104230000D4A5B00D05C002107F064FB002001F018
:1042400009F9292007F00CF8FFF7AAFE04F0B4FEE4
:1042500070BD0023C9E7C046FA1300207413002084
:10426000461000206D1300205811002070B5354D08
:104270002878042824D8FDF751FF0324234842005E
:10428000FFF734FF01F088FD96222F4B2F4C5B790E
:10429000534363701B0AA37001232B7008F0D4F8FA
:1042A00000280DD10334E37F0630002B06D1284BC4
:1042B0001B680533DB7F012B02D1082008F0A2FB2D
:1042C00070BDFFF775FF234B1B78002BF8D11F4BF8
:1042D0005B681B021B0CF3D101F05EFF0028EFD0DE
:1042E0001B4B1B6831331A7802231A4204D01A4A36
:1042F0009079184008F086FBFFF73AFFE0E70520C9
:1043000008F080FB01232B70DAE7104B1C7ADA7976
:1043100024021443D4D1200000F0EAFF200001F071
:1043200099F80BF0FFFF04F0F1FEF6230B4A5B0057
:10433000D05C210007F0E6FA0122094B2C701A70BC
:10434000BEE7C0466A130020FA1300207413002051
:1043500054110020F02F0020FA2F002058110020C7
:104360006D130020F8B51C4B1B78012B2DD11B4B76
:104370001C78022C29D11A4B1A4DDE7D012E25D135
:1043800001F002FDF623184A5B00D25C174B920045
:104390009918CF789C46002387420DD88F78330038
:1043A000874209D849782300814205D863469A5C40
:1043B000002390425B4103332A789A4205D0DCB255
:1043C0000121200004F086FF2C70F8BD2B78FF2B14
:1043D000FBD0FF232B70F8E76D130020B8130020EB
:1043E00074130020C004002058110020FC1501089F
:1043F00010B5002007F016FA002001F0D7F80020D1
:1044000007F0C0FA00230A210A4C0B4AA373137069
:10441000E375E170237108F0F5FB002801D10CF081
:1044200047F82378062B03D00BF07CFF04F06EFED8
:1044300010BDC04674130020B8130020104B10B5F7
:104440001B780120072B0FD00E4B1B689A6912793D
:10445000002A03D10333DB7F002B05D001F0A0FA43
:10446000094A002801D1107010BD137800200133D3
:10447000DBB2022B01D81370F6E710700120F3E7CE
:10448000741300205411002045100020F8B506F0E8
:10449000A9FE00280CD1A04B1C78002C08D19F4EFF
:1044A0003378012B36D0002B03D0022B00D1A4E0AF
:1044B000F8BD9B4C2378072B15D19A4B36331878CF
:1044C0000BF02AFD237E002B10D0012007F0AAF963
:1044D00001F034FC012001F069F8012007F052FAE4
:1044E00003233370E4E701F0CFFAEBE78E4B5B7800
:1044F000002B04D12378002B01D10BF0C7FF0BF068
:10450000F5FF0023894AA373E375E37323741370E3
:104510000133337001F054FD844D0700012855D15B
:104520002B780133DBB22B70022BC1D90BF0FAFED2
:104530000BF0DCFF7A4C3800A77307F073F923788F
:10454000072B19D0FFF77AFF0028B1D0784B1B68F2
:104550000533D87F01280FD1EC237649FF33764A03
:10456000CB5CD3182C331B78002B05D12B3213785E
:10457000002B9DD008F01EFB00232B70694B3033BD
:104580001B78002B03D12378022B00D190E708F091
:104590008BFE2378002B01D104F02CFF07F082F969
:1045A000012001F003F82378062B02D0012007F048
:1045B000E9F9012200231421E275A2735F4A2374F2
:1045C00013705F4AE173137002338AE70020544C82
:1045D0002870A37B012B02D1A07307F023F9237865
:1045E000042B00D164E704229343022B00D15FE740
:1045F0000BF0F8FE0BF080FF5AE701F0E1FC4B4AAC
:10460000002810D11378002B02D0013B13704FE724
:10461000434A137AD1791B020B4301D1FFF7E8FE1D
:104620000BF080FE44E701262000167008F0C2FA65
:104630003F4B1B689B691B79002B44D001F098F914
:10464000002816D03D4B1E703D4B1978002900D034
:104650002EE70A20324A1E70137A1174D1791B0298
:10466000D0730B43002B00D022E7002007F08AF91B
:104670001EE7FFF7E3FE2A4B01281DD1EC222D494E
:10468000FF32895C2C4A52182C321278002A13D13E
:104690001A7CD97B12020A4300D009E727490A781D
:1046A000002A00D004E7087008211A74D973DA7957
:1046B0001B7A8B401343D5E7002214201F49D8737F
:1046C0000A701A74F4E601F053F9154C1B4D0028DA
:1046D0000CD01B4A2E701378002B07D116700822BD
:1046E0002374237AE2731B02E279E3E72B78012B30
:1046F00005D02378062B02D0012007F043F9237C54
:10470000E27B1B02134300D0D2E62B78012B00D0B2
:10471000CEE6FFF76DFECBE6F02F0020B8130020A9
:1047200074130020FA1300203732002047100020B5
:1047300054110020581100200630002044100020A1
:104740004810002010B5064B1B78012B04D0022B1B
:1047500001D1FFF78BFD10BDFFF798FEFBE7C046C8
:104760006D130020BFF34F8F024B034ADA60BFF393
:104770004F8FFEE700ED00E00400FA0510B5034A94
:1047800000210348FDF78AFE10BDC0461A04000050
:104790008C14002070B504004518AC4200D170BDE7
:1047A000207806F0EFFE0134F7E70000FA2310B599
:1047B0001B4A1C4CDB00E38013780B2B0DD18221AC
:1047C000A388C900E2185072581CFDF735FE052376
:1047D000A18023720023637015E0A378002B13D10E
:1047E000114B522807D11978502909D10121A17004
:1047F0000931117004E04F2802D119785229F5D0FF
:1048000018700023A38010BDA3889021E218507275
:10481000581CFDF711FE0123A180E370DAE7C046C2
:10482000741300208C14002089100020054AD388BE
:10483000002B06D0013B9BB2D380002B01D1033368
:10484000137070478C14002010B5062006F09AFEF5
:104850000022014B9A8010BD8C14002070B586B0E8
:1048600015221248694601F08AFE012300221D002C
:104870000F4C1048102B06D821002E00D9408E4333
:1048800001D10133DBB26E46F65C0133511CDBB261
:104890008218C9B25672142B06D91021818006489D
:1048A000FFF778FF06B070BD0A00E3E730F20000C2
:1048B000208401008C14002095140020002310B5E2
:1048C0000D4A91888B420FD3C91A002007290ADDAF
:1048D0000133D9B2094809315118043007220BF0CD
:1048E00014FF4342584110BDD018407A4728EBD0FE
:1048F0000133DBB2E6E7C0468C14002058160108ED
:1049000070B54949494E8C7ACB7A2402E418A4B296
:10491000002850D0464D0D31402228000BF004FFF6
:10492000B44238D018D880231B029C4224D0902354
:104930001B029C4229D0230502D1200001F09AFEDF
:1049400040222900200001F06BFE3A4B9C421BD113
:104950006A7D394B1A700CE0C0231B029C4222D0A6
:10496000D0231B029C42E6D10522290032480BF0DD
:10497000DBFE02F021FA07E0402229002F480BF06D
:10498000D3FEFF2002F000F970BD402229002C4820
:104990000BF0CAFEF8E7102229002A480BF0C4FEEB
:1049A00002F052F8F0E74022290027480BF0BCFE45
:1049B00002F0A4FBE8E7254DB44229D014D88023A7
:1049C0001B029C421BD090231B029C421DD0402204
:1049D0002900200001F0D3FD164B9C42D4D1164B88
:1049E0001A78134B5A75CFE7C0231B029C4217D08D
:1049F000D0231B029C42EAD105220F4903E002F0BA
:104A00002DF940220D492800C2E740220C49FAE75F
:104A10003022FF210E48FDF741FD10220949F2E73F
:104A200040220949EFE7C0468C1400204090000066
:104A30004910002040F20000AC180020B8100020FF
:104A4000FA130020FA100020B91300209914002056
:104A5000A914002070B5FFF749FB03F01DFF0023E8
:104A600003253B4C23703B4B1A78002A03D00022CD
:104A70001A70FFF7DBFEE3782078002B50D000237C
:104A80000138E370032842D8FDF73EFB0216EDED36
:104A9000637A462B06D1FFF7E1FE0023A3800233A1
:104AA0002370E0E7442B2FD10B222B4B1A700023ED
:104AB000A370A380E38070BD637A522B11D1A388C9
:104AC000032BD0D90020FFF71BFF217B23480431A3
:104AD000A180FFF75FFE00230220A38006F088FE7E
:104AE000C1E7572B0BD1A388432BBCD90120FFF77B
:104AF00007FFFFF7A9FE022006F094FEB3E7452B5F
:104B000002D12570FFF7A0FE0023A380ABE7FFF7DB
:104B1000D5FE06000128A6D1FFF796FE2670A2E773
:104B2000042807D1237063780133DBB26370022B52
:104B300099D925702378032B00D094E7002006F044
:104B400057FE002006F06EFE0023A380FFF70AFE4A
:104B50008C140020501100207413002095140020A4
:104B6000A52310B50F4CA37380235B042361072397
:104B7000E07321750C480621A38100F05DF9A3893B
:104B8000010AE2189173991C01339BB2E31889B2B0
:104B900098730648A181FFF7FDFD0023044AA38115
:104BA000D38010BD3C1400204B1400204A14002078
:104BB0008C14002070B5114C0121637AA52B14D1FF
:104BC000637BA17B1B02C91889B262180C4ED37B90
:104BD000157C71811B020531ED1889B20948ADB20F
:104BE00000F02AF9854205D00421EE20FFF7B8FF36
:104BF000012070BDA37A00203370FAE78C140020E6
:104C00003C14002096140020F0B5042685B0320034
:104C1000504951480BF088FD504C514D2278A681E7
:104C2000B2423ED022D8032A33D0A389042B05D127
:104C30000333A381F9336382A73B2375A1894948D4
:104C4000013989B200F0F8F8A389010AE2189173DA
:104C5000991C01339BB2E318987389B23E48A18135
:104C6000FFF798FD0023A381EB8010E0062A00D116
:104C70006EE0572AD9D1EA7A2B7B12029B1822893F
:104C80009BB29A4258D00621EE20FFF769FF05B08B
:104C9000F0BD3200344935480BF046FD0023238136
:104CA000C3E763892E7B002B08D02F4903A80BF0A4
:104CB0003BFDEA7C2B7D12029B189FB2022E10D185
:104CC000002309E0039E300001F0D4FC019B013673
:104CD000FF3601330396DBB20193019BBB42F1D354
:104CE000A3E7032E11D100230AE0039E300001F058
:104CF000E5FC80231B02F618019B03960133DBB20F
:104D00000193019BBB42F0D38FE700230193042E54
:104D10000ED001F027FD88E7039E300001F0F6FC7D
:104D200080235B02F618019B03960133DBB20193EB
:104D3000019BBB42F0D378E762890B49606801F0C0
:104D40006FFC62686389D318636023890133A6E727
:104D5000FFF708FD951400204A1400203C140020A1
:104D60008C1400204B1400209B14002040140020C1
:104D7000F8B50B210023012702252B4C2B4A2C4E82
:104D8000237011702372E38073602A4B1A78002A13
:104D900015D000221A70E388934205D0013B9BB2E4
:104DA000E380934200D12570237A002B05D0013B8C
:104DB000DBB22372002B00D1E77006F0B9FCE37878
:104DC000002B19D00023E370FFF7F4FE002804D174
:104DD0002378002B04D0012B0BD00023A380D4E731
:104DE0003378022BF9D1592128002770FFF7B8FE3C
:104DF000F3E7FFF709FFF0E72278032A07D12370D2
:104E000063780133DBB26370022BBED9257023783F
:104E1000022BBAD1002006F0EBFC002006F002FDC8
:104E20000023A380FFF79EFC8C1400207413002045
:104E30003C1400205011002000221300F0B50C4F4C
:104E400094B2A14201D81800F0BD845C24026340F2
:104E500008241DB2AC4666465D00ABB2002E01DAF6
:104E60007D40ABB2013CE4B2002CF2D10132E7E765
:104E7000211000000F23F0B53824E0250340C918A5
:104E800089B24B0823406D008C082C402343072433
:104E90002140194380231B01194302260023134F8D
:104EA000C03DD21980180534FF3D80B21A002F0092
:104EB000324094460F40002A02D00022974203D18C
:104EC00062463A4300D00200013C6D005B08E4B248
:104ED000ADB25340002CE9D11B019BB249001B022B
:104EE0000B43034A5B081360F0BDC046BCFDFFFFE7
:104EF0008C1000208022154B12011B88F0B51A433C
:104F00008C460C240023012602213700194017404B
:104F1000002902D00025AF4206D139430D1E03D02F
:104F20006546002800D10A4D013C76005B08E4B2DA
:104F3000B6B26B40002CE7D11B019BB21B025200A2
:104F40001A43044B52081A60F0BDC046901000206E
:104F5000750C00008C100020F0B58024240104435F
:104F600000230C200125022619002A00314022408E
:104F7000002902D00027BA4203D111430F1E00D0EE
:104F8000084F01386D005B08C0B2ADB27B4000280D
:104F9000EAD11B0198B2640000022043024B400892
:104FA0001860F0BD750C00008C100020F8B5224B85
:104FB00022491D68EB691E683000FDF7CDF8204BD3
:104FC0009E420CD99138FF380A21FDF7C5F8023509
:104FD000EB7F1C4AC4B29B009F58385DF8BD1A4B4A
:104FE0009E420AD95F38FF380521FDF7B5F8023532
:104FF000EB7FC4B29B00154AEEE7154B9E4209D9E0
:10500000C8380521FDF7A8F80235EB7FC4B29B0034
:10501000104AE1E7104B9E42DFD982380321FDF7A9
:105020009BF8C0B2041C0F2800D90F240235EB7F77
:10503000E4B29B00094ACFE754110020A08601008A
:10504000FF596202D80500207FC3C901CC050020AA
:10505000FF2C3101F00500203F5DC600E405002073
:10506000014B18787047C04694100020054B1A7801
:10507000824202D0062801D11870704707221A70A8
:10508000FBE7C046C1040020F7B50825802620278D
:1050900001900B4C019B27851E420DD04023A3613C
:1050A0000520FDF756FF013DA7610520FDF751FFE3
:1050B0007608002DEDD1F7BD40232385F0E7C046EB
:1050C00000040048F8B5082607000C000A4D05202A
:1050D0002E85FDF73EFF3800FFF7D6FF200AFFF7C9
:1050E000D3FFE0B2FFF7D0FFAE610520FDF731FF3F
:1050F00020232B85F8BDC046000400480A22424305
:10510000184B10B51888232192B2FFF7B3FE164C46
:105110002368DB435B025B0A2360144B9978144BD2
:105120001B680433DB7F002B01D01431C9B27F230D
:105130001940104B51201943FFF7C4FF0E490720B7
:10514000FFF7C0FF236808201905090DFFF7BAFF14
:10515000802321681B020902090D19430820FFF76B
:10516000B1FF10BDFC0500208C100020C2040020FF
:105170005411002080800000D70A000010B5040000
:10518000002902D0FFF7BAFF10BD124B5978124B1D
:105190001B680433DB7F002B01D00F31C9B27F23A2
:1051A000194090231B0219435120FFF78BFF0B4836
:1051B0000B496043FCF7D0FF81B20720FFF782FF65
:1051C00008490720FFF77EFF07495220FFF77AFFC3
:1051D000DAE7C046C20400205411002099260300DB
:1051E000A0860100CD2100009202000070B5234D81
:1051F000234C00293DD14004460C224B30001E8038
:10520000FFF7AAFE204B320019882B680333D87FA2
:10521000FFF770FE2B68DB69197903394B1E994142
:10522000A023494249031B02C9182A68174B0432BC
:10523000D27F9B78002A01D01433DBB27F22134047
:10524000194389B25120FFF73DFF11490720FFF7AD
:1052500039FF236808201905090DFFF733FF802364
:1052600021681B020902090D19430820FFF72AFFD4
:1052700070BD802120600902D7E7C046541100208C
:105280008C10002090100020FC050020C20400209B
:10529000D70A0000134B10B51B689A6910790128D2
:1052A0000FD99068A02302001B061A4000219A42E1
:1052B00004D1012143020C4A5B0A1360FFF796FFF9
:1052C00010BD0333D97F012803D19068FFF756FF43
:1052D000F6E7002904D0FA204000FFF70FFFEFE7C0
:1052E0000248F3E7541100208C1000202702000030
:1052F00013B50D4B6A460093FF23040093807F2172
:1053000000280DD0094B03211B6824020233D87FEB
:10531000FCF7A8FF6A46CBB25B00995A214389B2D9
:105320003620FFF7CFFE13BDFF00D7005411002039
:1053300010B5002910D0012924D10F231A40013AB9
:10534000D2B2062A2AD8164B5200D15A00281AD0B7
:10535000012817D1742013E00F231A40013AD2B26A
:10536000062A18D80F4B5200D15A0F4BD45A002896
:105370000BD0012806D14420FFF7A4FE21004520D0
:10538000FFF7A0FE10BD7520FAE75420FFF79AFE44
:1053900021005520F4E7054C0549E8E70549D5E724
:1053A0006E1601087C1601088A160108A931000052
:1053B000099000000BF5000010B500213020FFF728
:1053C00081FEE82137204901FFF77CFE10BD000077
:1053D00010B502493720FFF775FE10BD0F1D000004
:1053E00070B5154B05009A79102A01D908229A71D7
:1053F0009E79124B1249985D6843FCF7ADFE2C1A5A
:10540000082E00D94419A1B23820FFF75BFE210C09
:105410003920FFF757FE0B4B1B680133DB7F002B56
:1054200003D0094B1B78072B04D108494320FFF711
:1054300049FE70BD0649F9E7C2040020AC16010818
:10544000809698005411002074130020283000002A
:105450004840000010B5114B441E1B680133DB7F30
:10546000002B0ED1E3B2012B0BD880218900302014
:10547000FFF728FE032C0AD82000FCF74FFE040992
:105480000B0D0021F3E706493020FFF71BFE10BD8E
:105490000449F9E70449F7E70449F5E75411002006
:1054A000F1BF0000FEC1000002030000FAC30000CB
:1054B000F7B52F4B2F4D1B782F490093009A2F4B98
:1054C0009E5C2F4BB4B21B682C809B691F68380010
:1054D000FCF742FE2B4B9F4208D99138FF380A2136
:1054E000FCF7C4FE284BC0B21B5C1BE0274B9F425D
:1054F00007D95F38FF380521FCF7B8FE244BC0B24E
:10550000F2E7244B244AFB1893421FD88238052126
:10551000FCF7ACFEC0B2031C092800D909231F4ABE
:10552000DBB2D35C9E4207D91D4A0099E41A515C54
:105530002C80C91ACBB201932988019B0902194317
:1055400089B278202980FFF7BDFDF7BD154B9F423A
:1055500006D9C8380521FCF789FE134BC0B2C3E752
:10556000064B597A0D4B1B78CA1A2A800339E0E79B
:10557000FA13002092100020A0860100F2040020FF
:1055800054110020FF596202D20400207FC3C901D8
:1055900095100020C0A239FF3F4B4C00E2040020D0
:1055A000FF040020FF2C3101A51000200F2370B54F
:1055B000174A0340174C5B009B5A17492278050095
:1055C0001943062A03D1012801D114491943472060
:1055D000FFF778FD032D01D0F12D04D110494820AB
:1055E000FFF770FD70BD0F4B3F211B680133DA7F61
:1055F0000D4B002A06D1DB7819402378062B03D106
:105600000A49ECE71B79F7E7094B09011943E6E77B
:1056100098160108C10400204060000040660000A8
:10562000A2B8000054110020C2040020AAB3000058
:105630000F80000010B5084904002420FFF742FD48
:10564000012C03D105497020FFF73CFD80213F204C
:105650000901FFF737FD10BD7F8A0000E0E0000080
:1056600010B50C0001007120FFF72CFD2100722005
:10567000FFF728FD10BD000010B5C1215820FFF72D
:1056800021FDE0217020FFF71DFD0D497220FFF77D
:1056900019FD0C495C20FFF715FDF0215D20090183
:1056A000FFF710FD08495920FFF70CFD0749592065
:1056B000FFF708FD80213F208901FFF703FD10BDA2
:1056C00065300000655600002840000028100000EA
:1056D00010B500217020FFF7F5FC00215820FFF7DE
:1056E000F1FC10BD10B5FFF7F3FF10BD802170B5C0
:1056F000040009023F20FFF7E5FC0F495920FFF79E
:10570000E1FC250028215920FFF7DCFC1035218819
:105710005F200234FFF7D6FCAC42F8D1074959208C
:10572000FFF7D0FC9620FDF715FC28215920FFF744
:10573000C9FC012070BDC046288000002808000078
:1057400010B50F495820FFF7BDFC0E497220FFF736
:10575000B9FCB4217020FFF7B5FCD8215D204901C8
:10576000FFF7B0FC08495920FFF7ACFC0749592066
:10577000FFF7A8FCC0213F208901FFF7A3FC10BD63
:10578000C3370000653000002840000028100000EA
:10579000054B10B558430549FCF7DEFC81B271207A
:1057A000FFF790FC10BDC046FCC00F0010270000A2
:1057B00010B502493220FFF785FC10BD458200007C
:1057C00010B502493220FFF77DFC10BD4482000075
:1057D00010B5040009493720FFF774FC0020FFF7DB
:1057E00039FE2000FFF7FCFDC02151208900FFF7A2
:1057F00069FC0120FFF72EFE10BDC0460F1F000000
:1058000010B50020FFF726FEC02151208900FFF7C8
:1058100059FC0120FFF71EFE10BD00000823F7B55C
:105820001F4C050023850520FDF793FB80202026D3
:105830002843FFF729FC05202685FDF78AFB002277
:105840004021200005F02EFE40230520A361FDF736
:1058500080FB4023102700250193A661238A019A2B
:105860006D00ADB2134201D001231D430520FDF7A9
:1058700070FB013F26850520FDF76BFB002FECD167
:1058800001224021064805F00DFE08230520A361F2
:10589000FDF75FFB4023280023852685FEBDC0461B
:1058A0000004004870B505005220FFF7B7FFC4049C
:1058B000E40C002D20D0124B1B68DA691279012A02
:1058C00003D80333DB7F002B07D080231B021C434C
:1058D00021005220FFF7F6FB70BD0A4B512059788A
:1058E0007F23194090231B021943FFF7EBFB07208E
:1058F0000549FFF7E7FBEBE729005120F9E7C04630
:1059000054110020C20400207104000010B50020D2
:10591000FFF7C8FF144B1B68D9690A79002A16D013
:105920008868012A0ED9A02302001B061A40002114
:105930009A4204D1012143020C4A5B0A1360FFF72B
:1059400055FC10BD0333D97FFFF718FCF9E703338B
:10595000D97F002904D0FA204000FFF7CFFBF0E701
:105960005120FFF7AFFBECE7541100208C10002012
:1059700010B50C20FFF752FF084B1B689A6912798B
:10598000012A03D80333DB7F002B03D08023DB0005
:10599000184010BD80231B01FAE7C04654110020B7
:1059A00010B50C20FFF73AFF0A4B1B689A69127971
:1059B000012A06D80333DB7F002B08D18023DB00CC
:1059C00003E0032A03D180231B02184010BD80236B
:1059D000DB01FAE75411002070B5040033200D00FC
:1059E000FFF71CFF2302984300B282B2064B012D41
:1059F00006D114431C8019883320FFF763FB70BD68
:105A0000A0431880F7E7C0469210002070B50D0043
:105A100004003120FFF702FF184B194AED1802234A
:105A200095420BD8984381B23120FFF74BFB4020C1
:105A3000FFF7F4FE000B00039C2118E0002CF1D0CE
:105A4000184381B23120FFF73DFB231C032C00D902
:105A50000323DBB20B4A013B5B00995A7120FFF72D
:105A600031FB4020FFF7DAFE8A21000B0003C9005A
:105A7000014389B24020FFF725FB70BD80345BFFF6
:105A80007FB92A00A416010870B51E4E1E4933685E
:105A90009B691868FCF760FB80B2FEF7C5F93368B4
:105AA0001A4A9B6901201B689B18194A934200D926
:105AB0000020F624FFF7DAFA164D6400285D002175
:105AC00005F020FF14493720FFF7FCFA0020FFF70C
:105AD000C1FC33689B691868FFF782FCFFF7E8FC9C
:105AE000FFF7D8FB33689A690433D87F1168FFF752
:105AF0008DFF0120FFF7AEFC285D012105F002FFBC
:105B000070BDC046541100201027000080345BFF98
:105B10007FB92A00581100200F1F0000802170B5A6
:105B200009020020FFF7CEFA00210800FFF7CAFAA9
:105B30005E493720FFF7C6FA5D491320FFF7C2FA26
:105B40005C491220FFF7BEFA5B491120FFF7BAFA51
:105B50007A211020FFF7B6FA19211420FFF7B2FAC4
:105B600056494920FFF7AEFA55497B20FFF7AAFABC
:105B700054491920FFF7A6FA53492A20FFF7A2FA41
:105B80006F210920FFF79EFA50490920FFF79AFA82
:105B90004F490920FFF796FA4E490920FFF792FA7C
:105BA0004D490920FFF78EFA4C490920FFF78AFA80
:105BB0004B490920FFF786FA4A490920FFF782FA84
:105BC00049490920FFF77EFA48490920FFF77AFA88
:105BD00047490920FFF776FA46490920FFF772FA8C
:105BE00045490920FFF76EFA44490920FFF76AFA90
:105BF00043490920FFF766FA42490920FFF762FA94
:105C0000DB212120C900FFF75DFA3F497220FFF731
:105C100059FA3E495C20FFF755FAF0215D20090151
:105C2000FFF750FA4020FFF7F9FD9C21000B00031D
:105C3000C900014389B24020FFF744FA072400213C
:105C4000334D0800EA7A2240FFF772FB2A7B0121DC
:105C500022400020FFF76CFB6A7B002122400120DC
:105C6000FFF766FB0121AA7B08002240FFF760FBDB
:105C700028497D20FFF726FA27494820FFF722FA16
:105C800026491F20FFF71EFA25493E20FFF71AFA82
:105C900024497720FFF716FA23494F20FFF712FA1D
:105CA0009D2126204901FFF70DFA70BD0F1D000050
:105CB000BE0300007B0300007B020000382A0000C6
:105CC0002084000041100000184F00006B100000FD
:105CD0006720000062300000504000004750000084
:105CE0003A6000002C7000004180000037900000F6
:105CF00025A0000017B00000E4C00000CBD00000D9
:105D0000B5E000009FF0000065300000655600001F
:105D1000C204002052E90000BFB300005454000048
:105D200037A00000EF8800003237000010B53020A7
:105D3000FFF774FD8007C00F10BD000070B5002094
:105D4000FFF726FD00217020FFF7BCF9FFF7EEFFFB
:105D50000C4C01280FD10130FFF77CFB2368DB6975
:105D600000201D68FFF722FC236829000433D87F38
:105D7000FFF74CFE70BD0120FFF76CFB23689B69A9
:105D8000EEE7C0465411002010B56720FFF746FD2E
:105D90004008C0B210BD0000F7B5F6241F271E4D05
:105DA0006400285D002105F0ADFD0720FFF75EF9D6
:105DB0001A493720FFF786F90020FFF74BFB184EF2
:105DC0003368DB691868FFF70BFBFFF79FFD154B86
:105DD0007D20197839400191FFF720FD019BB843E0
:105DE00081B219437D20FFF76DF93368DA69043316
:105DF000D87F1168FFF70AFE0220FFF72BFBFFF7A1
:105E0000D5F880B2FFF774FA285D022105F07AFD1B
:105E1000012005F0EDFCF7BD581100200F1D00001A
:105E200054110020C204002010B52420FFF7F6FC16
:105E30002023984381B22420FFF744F900217020E9
:105E4000FFF740F9044B1B689A690433D87F116847
:105E5000FFF7DCFD10BDC0465411002010B53F20F7
:105E6000FFF7DCFC030501D4002010BD0C20FFF778
:105E7000D5FC01242042F7D002200021FFF722F9AF
:105E80002000F2E710B50B20FFF7C8FC0005000F5B
:105E900010BD10B53F20FFF7C1FC030000209B049C
:105EA00004D50C30FFF7BAFC0123184010BD70B5C3
:105EB0000500040010355F20FFF7B0FC208002349D
:105EC000AC42F8D100210220FFF7FCF80B20FFF7CD
:105ED000A5FCC006C00F70BD30B589B001AD1C2255
:105EE000244928000AF020FC80213F200902FFF706
:105EF000E9F821495920FFF7E5F828215920FFF753
:105F0000E1F81E495A20FFF7DDF81D495B20FFF735
:105F1000D9F81C495C20FFF7D5F800246300E95A42
:105F20005F200134FFF7CEF80E2CF7D101251420A5
:105F3000FDF710F859201449FFF7C4F81148BA3496
:105F4000284209D10520013CFDF704F8E4B20C20F9
:105F5000FFF764FC002CF3D100210220FFF7B2F818
:105F600000213F20FFF7AEF828215920FFF7AAF8BB
:105F700009B030BD0C1101082880000072FB000040
:105F80009940000030A700002808000010B5040068
:105F90007020FFF743FC09490140BC200002014387
:105FA0007020FFF78FF80420002C00D10320FFF7AA
:105FB00051FA0320FFF7FAFA10BDC046FF70000047
:105FC000064B10B51B780124002B04D00C20FFF7E2
:105FD00025FCE0400440200010BDC046FA1300201C
:105FE00010B50D20FFF71AFC030000201A0405D499
:105FF0005B050E305C09FFF711FC001910BD0000B5
:1060000070B56920FFF70AFC174C030421D4000582
:10601000050A6A20FFF702FC0223237000230521F2
:106020001A000005000D2843C5B2FF2D0CD1013226
:10603000D2B20139C9B20029F7D1032A01D8032B02
:1060400001D90020207070BD002DF2D10133DBB2E8
:10605000EFE76820FFF7E2FB0304F2D40123C0045A
:10606000C00C2370EFE7C0469410002070B5027892
:10607000437894B22500A43D98B2042D01D8A028FD
:106080001ED82500A13D082D0ED8A0280CD95E20D1
:10609000A13A4243A13BD018802340015B02C018C3
:1060A000202200F06CFA70BDB03C472C08D8A02824
:1060B00006D95E20B03A504318184001024BEEE773
:1060C00080204002ECE7C046A055010070B5027880
:1060D000437894B22500A13D98B2022D0ED8A02895
:1060E00014D95E20A13A4243A13BD218463850430E
:1060F0000D4BC018182200F042FA70BDA92C05D132
:10610000A02803D9182079335843F1E7B03C472C35
:1061100008D8A02806D95E20B03A42439B18D7334E
:106120004638F1E70048E5E780CF040010B5007875
:10613000203883B25E2B06D8044B0001C018102211
:1061400000F01DFA10BD0148F9E7C046C0B70400D1
:1061500010B50378203B9AB25E2A07D80C2058432A
:10616000034BC0180C2200F00AFA10BD0048F9E7F2
:10617000406D070010B50078203883B25E2B06D83A
:10618000044BC000C018052200F0F9F910BD014809
:10619000F9E7C046C0BF04009023DB05188A40051C
:1061A000C00F704710B5FFF7F7FF294C002808D142
:1061B00023780E3B022B04D8207002F0A7FFFDF7D6
:1061C00081FF23780C3B012B16D8FFF7E5FF002851
:1061D0000ED1204A13780133DBB2022B01D81370A1
:1061E00010BD237810700D2BFAD105F08BFCF7E76A
:1061F0000022184B1A70F3E7174B1B78022B07D1BC
:10620000164B1B78032B03D0154B1B78012BE7D1C2
:10621000FFF7C2FF041EEBD10E4A13780133DBB245
:106220001370022BDCD905F03DFB0AF07BF80C4B18
:106230001B78002B02D0200006F096F904F0D2FF64
:10624000002802D004F088FFCAE7FDF7DDFEC7E7AB
:1062500074130020B51000206D1300206A13002075
:10626000F02F002070B50024234B6500E95A234825
:10627000FCF7FDFB224B2148E95AFCF7FAFB05200D
:10628000FCF767FEC0251F48FCF7EEFB8021ED01FF
:106290000540C9011948FCF7E1FB402105431A48B4
:1062A000FCF7DCFBADB2194B400028431840184BFB
:1062B000984213D007D8174B984213D00134062CBC
:1062C000D2D1FF200DE0144B984210D0134B9842CE
:1062D000F4D1134BA4001C19E07802E0104BA40089
:1062E000E05C70BD0E4BA4001C196078F9E70C4B04
:1062F000A4001C19A078F4E7241801080004004841
:10630000301801080008004800140048036000002D
:106310000340000003200000016000000260000054
:106320000C180108FF22034B1A70034B1A7000224D
:106330005A707047FE050020A618002070B53E4D2B
:106340003E4C2B782370FFF78DFF24782870844211
:1063500001D0002070BD3A4A1378FF2C1DD1FF2BCD
:1063600003D10020374B1870F4E73749087800282C
:1063700003D03648007802280BD10020314908703C
:1063800033490B70022388704B70FF230130137068
:10639000E0E7002014700870DCE72A49FF2B0DD1DC
:1063A0002A4DFE3B2D7814700B70022D06D1002172
:1063B000274A5370147091701800CBE71478A042EC
:1063C00024D10B780133DBB20B70642B0ED115286E
:1063D000BFD8204A633BC240D207BAD503211C4A2A
:1063E000107051709370184A1370E5E7952BB0D96F
:1063F0008C230B70C31F012BABD80022144B5A7097
:10640000023218709A7001200F4BACE70E4B1B78CC
:10641000002B03D00D4B1B78022B07D10C4B002017
:106420001C70022498705C700870AEE70020FF2397
:10643000087013708EE7C046FF050020000600209C
:10644000FE050020B6100020B71000206D130020BC
:10645000A61800209707340010B5FFF76FFF00283B
:106460001CD004210E4BDA1CD970002353700D4B45
:10647000DB7E002B0ED00C4B1A78012A0AD9142A85
:1064800002D19A78012A05D0FF2200201A70987054
:1064900004F0B4FA05F006FA09F044FF10BDC04656
:1064A00074130020FA130020A61800200B4B9A78D2
:1064B0001878012A08D115280DD8094A105C002245
:1064C0009A70FF321A707047022AF8D10838424297
:1064D00050411F30F3E7FF20F1E7C046A618002027
:1064E000F617010870B501001048FCF701FC002404
:1064F00002210E48FCF701FC00280FD00B48FCF7E6
:10650000F9FB050080210948FCF7F7FB01280BD1B6
:106510000134074BA4B29C42F4D104E00134044B93
:10652000A4B29C42E4D10025280070BD0030014097
:10653000B90B000070B590240425E40525850620DC
:10654000FFF7D0FFA56170BD70B53523022803D0D9
:10655000203B032800D0103B90240425E40525852A
:106560001800FFF7BFFFA520FFF7BCFFA56170BDB6
:1065700010B50120FFF7E8FF0123184010BDF8B562
:10658000902604230500F605338503200C00170030
:10659000FFF7A8FF280CC0B2FFF7A4FF280AC0B27B
:1065A000FFF7A0FFE8B2FFF79DFFE719BC4202D159
:1065B0000423B361F8BDA520FFF794FF20700134D8
:1065C000F4E70000F8B590260C0017000500FFF76F
:1065D000B1FF0423F60533850220FFF783FF280C63
:1065E000C0B2FFF77FFF280AC0B2FFF77BFFE8B217
:1065F000FFF778FFE719BC420BD10423074CB361C6
:10660000013CA4B2002C03D0FFF7B2FF0028F7D161
:10661000F8BD2078FFF766FF0134ECE71127000092
:106620008023F7B55B00C5B25D1BADB206000F005D
:10663000140095421CD22A00FFF7C4FFAE197B1943
:106640008027641B350001937F00019B991B49192A
:10665000BC4208D928003A00013C0135FFF7B2FFDF
:10666000FF3CFF35F1E72800A2B2FFF7ABFFF7BD13
:1066700092B2FAE770B5902504260400ED05FFF705
:1066800059FF2E852020FFF72DFF200CC0B2FFF709
:1066900029FF200AC0B2FFF725FFE0B2064CFFF742
:1066A00021FFAE61013CA4B2002C03D0FFF760FFD4
:1066B0000028F7D170BDC04661EA000070B5902592
:1066C00004260400ED05FFF735FF2E855220FFF765
:1066D00009FF200CC0B2FFF705FF200AC0B2FFF788
:1066E00001FFE0B2FFF7FEFEAE61FA25064C6D0039
:1066F000013CA4B2002C06D02800FCF72AFCFFF7CE
:1067000037FF0028F4D170BD61EA000070B5902514
:1067100004260400ED05FFF70DFF2E85D820FFF7B6
:10672000E1FE200CC0B2FFF7DDFE200AC0B2FFF789
:10673000D9FEE0B2FFF7D6FEAE610520FA25FCF7E0
:1067400009FC074C6D00013CA4B2002C06D02800C7
:10675000FCF7FFFBFFF70CFF0028F4D170BDC0462B
:1067600061EA000070B590240425E405FFF7E2FE1D
:106770002585C720FFF7B6FEA5616420FCF7EAFB7C
:10678000F135064CFF35013C002C06D02800FCF703
:10679000E0FBFFF7EDFE0028F5D170BD0187930304
:1067A0009023042210B50E4CDB0586B09A612000C0
:1067B000FCF74EFA82235B0401930A4B01A9029372
:1067C000094B200003930823049300230B82FCF75A
:1067D00061FA01212000FCF781FA06B010BDC04625
:1067E00000300140000702000100000270B50020E7
:1067F00088B0FFF763FF1822002102A8FBF74EFEC6
:1068000006236A4600240126D373E0B21421FBF765
:1068100029FD6B4619730B4BE100C9180822684625
:10682000650109F081FF0F2C01D96B469E73202270
:10683000694628000134FFF7F3FE152CE5D108B0B6
:1068400070BDC0463C18010810B5FFF7CFFFF82314
:10685000A021034A5B004903D15000F03DFA10BD6E
:106860005811002070B5094C202520002A00084945
:10687000883009F059FF20002A000649A83009F0A5
:1068800053FF042000F080F970BDC046581100206D
:106890003C1901085C19010830B585B010220021AF
:1068A0006846FBF7FBFD40221C491D4809F03CFFF0
:1068B0001022FF211B48FBF7F1FD00F0C5F8A020D6
:1068C0000002FFF7D7FEA020102217490002FFF7B1
:1068D000A7FE08221549684609F026FF0124144D39
:1068E000092C0DD86B461C7101342800082269461A
:1068F000E4B2FFF795FE1035152CF1D105B030BD8F
:106900000A212000FBF7AEFC6B46200019710A211A
:10691000FBF722FC6B46D870E6E7C046FC1801087E
:10692000FA130020FA100020EC180108E4180108FE
:1069300020A00000F0B58026144CC509A5442D0305
:1069400076010F00019202A9320004002800FFF72F
:1069500016FE2800FFF78EFE7F20044002AB640184
:10696000E0183900142209F0DFFE200002AB1430D9
:10697000C01801990C2209F0D7FE320002A92800A4
:10698000FFF74EFE024B9D44F0BDC046F4EFFFFF03
:106990000C10000070B588B00C0006000021150036
:1069A00068462022FBF77AFDFA230F4A5B00D05A93
:1069B000694640012022FFF7E2FD142221006846CB
:1069C00009F0A3FE002807D121000C221431280071
:1069D00009F09BFE002804D02A0021003000FFF7B8
:1069E000A9FF08B070BDC0465811002037B5082572
:1069F00004002A0000216846FBF750FD2A006001D0
:106A00006946FFF70DFE37BDF0B589B08AB20C00BC
:106A10006946FFF7B4FD00250126EBB2A34201D37E
:106A2000FF2007E06A463100575D0022394203D05B
:106A3000D800801809B0F0BD01324900D2B2C9B205
:106A4000082AF3D10135E8E7F0B56025AFB02A0098
:106A5000002116A8FBF722FD902006210002FFF777
:106A6000D3FF40222649C4B216A809F05DFE1022C9
:106A7000244926A809F058FE5E2116A8FEF7DCF985
:106A8000B6236B4407001880282C31D828006043B7
:106A90001D4B0222C6186B469D1D1C4B2900C018B9
:106AA000FFF76DFD2B88BB4214D0300016A9603073
:106AB0006022FFF7B5FD6B46591D0723144A23409A
:106AC000D35C01220B709023E0081B02C018FFF773
:106AD000A7FD0BE0502202A93000FFF750FD502225
:106AE00016A902A809F011FE0028DED12FB0F0BDD2
:106AF00090200002FFF7BEFD2A0016A90248E6E733
:106B0000FA130020FA100020109000006E90000090
:106B10007C19010810B5602498B022000021684655
:106B2000FBF7BCFC902006210002FFF76DFFC0B20E
:106B300029281BD86043114B2200C0186946FFF773
:106B40001EFD5E235E216B4468461C88FEF774F9C7
:106B5000A0420BD140226946094809F0E5FD102208
:106B600010A9084809F0E0FD18B010BD90200002FF
:106B7000FFF780FDFFF790FEF6E7C046109000009B
:106B8000FA130020FA10002073B52F4D012839D1D7
:106B90002C002E4E203420223100200009F0B5FDBB
:106BA00000282ED020223100200009F0BDFD402118
:106BB0002800FEF741F96B46991D08802800022243
:106BC000403009F0B1FD802008210002FFF71CFFD2
:106BD000C4B23B2C30D84222601C50431C4B2900CD
:106BE000C018FFF71DFD6B46591D0723194A2340A6
:106BF000D35C01220B708023E0081B02C018FFF752
:106C00000FFD73BD00280BD1134C2022210028005A
:106C100009F07BFD0028F4D0202221002800C4E7E1
:106C2000FF28C4D020220C49280009F07DFD28004F
:106C3000202220300549B8E780200002FFF71AFD26
:106C4000422229000248DAE7B81000200012002092
:106C5000108000007C190108E011002073B50500C8
:106C6000802008210002FFF7CFFEC0B23C2823D8C5
:106C700042225043144C154B2100C018FFF77FFCF3
:106C80006B4621009E1D40310222300009F04CFD70
:106C900040212000FEF7D0F8338883420CD1012D2B
:106CA00006D1210020220A48203109F03DFD73BDA4
:106CB000202221000748F8E780200002FFF7DAFCD5
:106CC000FFF7D0FDF3E7C046B810002010800000A9
:106CD00000120020E011002030B587B002AD102274
:106CE00000212800FBF7DAFBE02020210002FFF75B
:106CF0008BFEF823154A5B00D35A04000E212800AE
:106D00002B80FEF799F8E881FC2C17D8104B29004E
:106D1000E01800011022FFF783FC6B46D91D072302
:106D20000C4A2340D35C01220B70E023E408A0B29C
:106D30001B02C018FFF774FC07B030BDE020000252
:106D4000FFF798FC102229000348F3E758110020B0
:106D5000030E00007C19010820E0000030B585B06A
:106D6000102200216846FBF799FBE0202021000259
:106D7000FFF74AFE0E4CFD2815D80E4B6946C01889
:106D800000011022FFF7FBFB6B460E216846DD89F0
:106D9000FEF752F8A84206D16B461A88F8235B002A
:106DA000E25205B030BDF82300225B00E250F8E764
:106DB00058110020020E000030B587B002AD10223D
:106DC00000212800FBF76AFBD02020210002FFF7FA
:106DD0001BFE052215490400280009F0A5FC0E2120
:106DE0002800FEF729F8E881FC2C17D8104B290061
:106DF000E01800011022FFF713FC6B46D91D072392
:106E00000C4A2340D35C01220B70D023E408A0B2CB
:106E10001B02C018FFF704FC07B030BDD0200002F1
:106E2000FFF728FC102229000348F3E7AC180020E4
:106E3000030D00007C19010820D0000030B585B09A
:106E4000102200216846FBF729FBD02020210002F8
:106E5000FFF7DAFD194CFD2815D8194B6946C01803
:106E600000011022FFF78BFB6B460E216846DD897F
:106E7000FDF7E2FFA84206D105226946200009F08D
:106E800053FC05B030BD052200212000FBF706FBB6
:106E9000102200216846FBF701FB0E216846FDF732
:106EA000CBFF6B46D881D0200002FFF7E3FB102216
:106EB00069460448FFF7B4FBE3E7C046AC1800207E
:106EC000020D000020D00000F020F0B58DB002AB24
:106ED000DC1D012221000002FFF751FB2378FF2B6C
:106EE00042D0F020102267490002FFF748FB102231
:106EF00065496648FFF743FB102265496548FFF77F
:106F00003EFB102264496548FFF739FB10226449B3
:106F10006448FFF734FB102263496448FFF72FFBF6
:106F20000A2263496348FFF72AFB0A226249634841
:106F3000FFF725FB102262496248FFF720FB102271
:106F400061496248FFF71BFBF120102260490002F3
:106F5000FFF715FB10225F495F48FFF710FB102277
:106F60005E495F48FFF70BFBFFF768FF5D4B5E4E26
:106F70001B783200190030393832052900D97FE0FA
:106F80000F210B4004AD137058491022280008ACA3
:106F900009F0CAFB08225649200009F0C5FB02236C
:106FA000FF337381013BFF3B33730F2000230A261D
:106FB000E95C0A09724301405218EA540133102B6C
:106FC000F6D1FA226F78AB78920073435743FF18DB
:106FD000484BBFB21F80E87829795043714340186D
:106FE000454980B258804F4348431F615861AF798B
:106FF000E879574370433F18BFB29F80287A4F43C8
:1070000050430190687A9F617043844601986044C0
:1070100080B2D8804843D861E87A2F7B50437743C9
:10702000C01980B218816F7BAD7B7A436E43921991
:1070300092B25A814A430A255A620F2600224843D7
:107040001862A75C380968433740C019A054013260
:10705000082AF6D1FA206278A67880006E4342436F
:10706000921992B29A81E678247970436C4304199C
:10707000A4B24A436143DC819A62D9620DB0F0BD8B
:1070800000237FE71C0500202C05002010F00000E5
:107090003C05002020F000005C05002080F000008E
:1070A0006C05002090F000007C050020A0F000009E
:1070B000F2040020C0F00000FF040020D0F0000027
:1070C000D2040020E0F00000E2040020F0F0000014
:1070D000A51000209510002010F10000C20400202F
:1070E00010F20000AC18002074130020841901086D
:1070F00094190108B418002010270000F0B54225AB
:10710000A5B02A00002102A8FBF7C8F9C020082179
:107110000002FFF779FC40222449040002A809F08C
:1071200003FB402102A8FDF787FE0A236B440700FA
:10713000D8873B2C32D8280060431D4B0222C6184A
:107140006B469D1D1B4B2900C018FFF718FA2B88B2
:10715000BB4215D0300002A942304222FFF760FA4C
:107160006B46591D0723144A2340D35C01220B7040
:10717000C023E408A0B21B02C018FFF751FA0BE0CD
:10718000402213A93000FFF7FAF9402202A913A800
:1071900009F0BBFA0028DDD125B0F0BDC020000207
:1071A000FFF768FA2A0002A90148E6E7B9130020B0
:1071B00010C0000050C000007C19010830B5422505
:1071C00093B02A00002101A8FBF768F9C02008212C
:1071D0000002FFF719FC1A4C3C2816D86843194BDB
:1071E0002A00C01801A9FFF7CAF96B4640210633EF
:1071F00001A8DD8FFDF720FEA84206D1402201A99B
:10720000200009F091FA13B030BD79222270763A4D
:107210006270220000233E32137022003F3213704E
:107220002100402201A809F07FFAC0200002FFF7E8
:1072300021FA422201A90348FFF7F2F9E3E7C04629
:10724000B913002010C0000070B5060003F0EAFA80
:10725000202003F05CFB0400051E0BD003F0F9FABC
:10726000200070BD054BE85C03F051FB01350400C4
:107270000128F3D0AE42F5D1F0E7C0460106002068
:1072800010B503F0CFFA212003F041FB041E03D117
:107290000421034803F091FB03F0DBFA200010BD4A
:1072A00001060020402110B5054B02201A788A43C0
:1072B0001A705A783F398A435A70FFF7C5FF10BDDC
:1072C0000106002010B5D2241148124B4188124A01
:1072D000CB1814709BB26D3C54706D2B13D91823CE
:1072E000D3700E4BC9188BB2002141709908917070
:1072F000D1789B010B430820D370FFF7A5FF012035
:1073000004F040FB10BD1C21D1701B39EDE7C046D5
:10731000B831002076FDFFFF0106002008FDFFFFC9
:10732000D32210B5034B02201A706E3A5A70FFF741
:107330008BFF10BD0106002010B5FFF7A1FF00284C
:1073400019D10E490A78530614D58B7801300342BF
:1073500010D00B48497843785C4263416E245B420D
:107360002340084C1B190324224012028A189B1840
:107370004380022010BD0020FCE7C046010600202B
:10738000B83100208A0200000138C0B2FF2800D1C5
:107390007047C046C046F7E7802370B5114C5B01CB
:1073A0002385114A114B05001A850A20FFF7ECFFCF
:1073B00002210F48FBF7A1FC0028F9D029000C4856
:1073C000FBF796FC80210A48FBF797FC0128F9D0CF
:1073D0000A20FFF7D9FF80235B01A3610A20FFF792
:1073E000D3FF70BD000400480080FFFF0008004884
:1073F0000038004010B5040002210848FBF77DFC6E
:107400000028F9D021000548FBF772FC80210348D1
:10741000FBF773FC0128F9D010BDC04600380040CE
:1074200070B50F25B02328400C001843FFF7B4FFB8
:10743000102023091843FFF7AFFF20002840FFF773
:10744000ABFF70BDF8B507000025E8B20021FFF7DB
:10745000E7FF802380220D4C5B0123850C4B120239
:107460009A610A20FFF790FF84263800013EFFF75B
:10747000C1FF002EF9D10135082DE6D10A20FFF712
:1074800083FF80235B01A361F8BDC0460004004870
:107490000008004870B58025204C6D0025850A2025
:1074A000FBF758FDA5616420FBF754FDE220FFF7D0
:1074B00073FF6420FBF74EFD2C20FFF76DFF0A20C1
:1074C000FBF748FD2E20FFF767FF0A20FBF742FD80
:1074D0002F20FFF761FF0A20FBF73CFD2320FFF779
:1074E0005BFF8120FFF758FF2620FFF755FFA22002
:1074F000FFF752FFA120FFF74FFFC020FFF74CFF1F
:107500004020FFF749FFAE20FFF746FF0020FFF7BE
:1075100099FFAF20FFF740FF70BDC0460004004850
:1075200013B5094B6A46009333230400137181207D
:10753000FFF732FF231C042C00D904236A46DBB278
:10754000D05CFFF729FF13BD25292D30F0B58FB092
:10755000944614AA049102CA127809910A9216AAB2
:1075600012780B92002B33D06246002A30D0C2082A
:1075700002920122072411000440A1400139C9B23E
:10758000082005911100001B81400139C9B2069104
:10759000110099400139C9B203916946097B150070
:1075A00049B20791210008395918C9B28D40694282
:1075B00049B2089102990D92CD0104996D182349A1
:1075C0006918019100211D190C95CAB2944501D882
:1075D0000FB0F0BD00220A9D954201D1099A525C7C
:1075E0000B9D012D01D1D243D2B2049D4E19802EA4
:1075F000EED0019D27006E5C984206DC059D2E4072
:1076000006E00D9DBD400137AE430C9DBD42F8D153
:10761000069F1740984201DD079D2F40A740019D1E
:1076200037436F5498420EDA029D062D0BD80E0098
:10763000019D8036AE19039D37782A400241089D8E
:107640002F403A4332700131BFE7C046E4180020B2
:10765000F0B587B01F000CAB1B7805000491160035
:107660000593002F17D0002A15D0FC080134059B84
:107670000293012C11D001230193002300930833BE
:10768000013C2800320004990835E4B2FFF75EFFA0
:10769000EDB2002CEBD107B0F0BD0023009307330F
:1076A00001943B40ECE7F0B58BB01F0010AB160027
:1076B00004CB05001B78079109920893002F27D06F
:1076C000002E25D0B3B2FC08013406930593069A28
:1076D000059B9B1A099A9BB2D318089A00930292B1
:1076E000002208230192012C01D107233B403200E4
:1076F00028000799FFF72AFF069A059B9446013C4C
:10770000634408359BB2E4B2EDB20593002CDED1A0
:107710000BB0F0BDF7B50024154F04212000FFF792
:107720007FFE802380220026124D5B012B85124BA9
:1077300012029A610A20FFF727FE104B2A330193A9
:10774000019BB85D1B78002B01D0C043C0B201364D
:10775000FFF750FE802EF3D10134E4B28037082CBD
:10776000DBD10A20FFF710FE80235B01AB61F7BD80
:10777000E41800200004004800080048FA13002024
:1077800070B504210020FFF74BFE802380220025E6
:107790000E4C5B0123850E4B12029A610A20FFF703
:1077A000F3FD0C4E2A360C4B585D3378002B01D07C
:1077B000C043C0B20135FFF71DFE802DF3D10A2072
:1077C000FFF7E2FD80235B01A36170BD0004004868
:1077D00000080048FA130020E4180020F7B501243F
:1077E000154F04212000FFF71BFE80238022002676
:1077F000124D5B012B85124B12029A610A20FFF792
:10780000C3FD104B2A330193019BB85D1B78002BFD
:1078100001D0C043C0B20136FFF7ECFD802EF3D19A
:107820000134E4B28037082CDBD10A20FFF7ACFD2D
:1078300080235B01AB61F7BD6419002000040048A0
:1078400000080048FA13002010B5802200210248E9
:10785000FAF724FE10BDC046E4180020E02210B55F
:10786000920000210148FAF719FE10BD64190020AA
:10787000802210B5D20000210148FAF70FFE10BD9A
:10788000E418002070B50126644A654C1378013372
:10789000DBB21370634B1E701378092B00D8A6E07F
:1078A00000231370604B614D1E702B789B19DBB267
:1078B0002B7008F03FF928780521C0B2FAF7D2FC06
:1078C000C9B2002904D12B78002B01D0584B1E706F
:1078D0002B78092B00D88AE00021564A29701378AA
:1078E00055480133DBB2137001230370107804286C
:1078F00002D91170514A1370514B1A681202120CBE
:1079000004D0013A92B25A70120A9A704D494A88CC
:10791000002A01D0013A4A8021002C310A78002A3D
:1079200001D0013A0A7021002D310A78002A01D0D5
:10793000013A0A70A27E002A01D0013AA2761A7892
:1079400002211000884301D0072A04D19A8B002A13
:1079500001D0013A9A831A7CD97B12020A4304D0DF
:10796000013A92B2DA73120A1A741A7AD9791202A7
:107970000A4304D0013A92B2DA71120A1A721A7DDD
:10798000D97C12020A4304D0013A92B2DA74120A84
:107990001A752D494A88002A05D02C4800780128FC
:1079A00001D1013A4A802A490A78002A01D0013AD5
:1079B0000A70284A918A002901D001399182D18A1E
:1079C000002901D00139D1821A79D97812020A43EB
:1079D00004D0013A92B2DA70120A1A715A6812028D
:1079E000120C04D0013A92B25A71120A9A711A4AD0
:1079F0005388002B03D05388013B9BB2538004F083
:107A00000FFD164A9378002B01D0013B9370E38A57
:107A1000002B01D0013BE38270BDC0466C130020F7
:107A200006300020501100206F1300206E1300203C
:107A300072130020711300206B130020B01300207C
:107A40007413002028320020E03100206D13002044
:107A500050130020C4310020481D00203732002080
:107A60000022054B002800D1704719780029F9D071
:107A700001381A7080B2F5E7501100201FB502AC32
:107A80002D2106222000FAF709FD094B2A205978FA
:107A90000023DAB2914208D8002322000093282163
:107AA0001033272002F01EFD1FBDE0540133F0E724
:107AB0005013002007B5FFF7DBFE094B094A1B7A7C
:107AC000012B00D0084A0023082114200093103312
:107AD00002F008FDFFF7D2FFFFF71CFE07BDC0460E
:107AE000FA130020BE190108D419010807B5FFF7E1
:107AF000BFFE0C4B0C4A1B7A012B00D00B4A002313
:107B00000C2117200093103302F0ECFCFFF702FE6B
:107B1000FA20C000FBF71EFAFBF71EFAFFF7CAFFB8
:107B200007BDC046FA1300209C190108AF190108CF
:107B300070B51E4C6078002804D1073002F05EFF5B
:107B4000012070BD0622121A0630FF210019FAF733
:107B5000A5FC0F22A579E379154013402D01217A68
:107B60001D43637A1140134009011943A37AE07A57
:107B700013401B01024013430D4A10003D300078B2
:107B8000A84209D110003E300078884204D13F322B
:107B9000127800209A42D4D0612D04D1282902D134
:107BA00000208342CDD0FFF7A1FFC9E7501300208A
:107BB000FA13002070B5254B3C331B78013BDBB238
:107BC000FD2B42D8FBF7C8F92D25FFF773FF3224B0
:107BD0001F4B1A78002A05D000221A70FEF7AEFB60
:107BE00003F0A6FD1B4B1B78FF2BF1D0092B14D003
:107BF00005D8062B25D0002002F000FFE8E7132B64
:107C0000F9D8154907204A780C70052A14D8881825
:107C10002633013283714A700BE00F4B58780028ED
:107C2000EAD00138C0B21A1858709571002802D0F5
:107C30001C70002000E0032002F0E0FEFFF71EFFB2
:107C4000C6E7FFF775FF0028C2D170BDFA13002008
:107C500072130020A618002050130020F52373B5DE
:107C60001C4A5B00D45C1C4E1C4D002C03D11C4BE9
:107C70001B79002B19D100241123802221000C2014
:107C80000094FFF7E5FC0923052201211820019447
:107C9000009602F0D5FC10232A000921142000943C
:107CA00002F020FCFFF79AFD73BD1523802221000E
:107CB00028200094FFF7CCFC092305220121342061
:107CC0000194009602F0BCFC009410232A000921C4
:107CD0003020E5E758110020D3120108E31901080C
:107CE000FA13002010B586B002AC0F222D2120001F
:107CF000FAF7D4FB114B12495A78200008F014FD12
:107D00000023104AE373EB33FF33D35C002B03D122
:107D10000D4A1279002A0BD10023220009211420D8
:107D20000093103302F0DEFBFFF758FD06B010BDE4
:107D300000932200102309213020F3E75013002084
:107D40005613002058110020FA130020F0B589B016
:107D500005AC092200212000FAF7A0FB1E4EF378A3
:107D6000032B22D106222D212000FAF797FB2E2388
:107D700028250220A370002213007678164FD1B276
:107D80008E421CD80026102331000096802223202A
:107D9000FFF75EFC1023220029002320009602F04A
:107DA000A1FBFFF71BFD09B0F0BD07222D2120002C
:107DB000FAF774FB2E232425E3700320DBE78842C7
:107DC00001D10133DBB2591C0391D11989790132F8
:107DD000E1546B461B7BD2E750130020002313B500
:107DE0000A4901AA11800A4993704C78D8B284429A
:107DF00007D8022370212A2002F0DCFBFFF7EEFCFB
:107E000013BDC8188079D0540133EFE72D2D000041
:107E10005013002013B50024FFF720FD0094102319
:107E2000074A3821112002F05DFB1023054A242166
:107E30002320009402F056FBFFF7D0FC13BDC04690
:107E40002B250108FB19010807B50322002101A811
:107E5000FAF724FB0C4B1A003F321278012A0DD19D
:107E60003E331A780949013201A808F067FC022361
:107E700001AA70212A2002F09DFB07BD044901A838
:107E800008F07CFCF3E7C046B9130020DE230108AC
:107E9000E726010830B587B00A22002103A8FAF7C7
:107EA000FDFA154B0A215D882800FAF7DBF9280056
:107EB0008CB20A21FAF750F9230082B20F4903A8C5
:107EC00008F03CFC2425062800D1043500241023AA
:107ED0002100009480222320FFF7BAFB102303AA7D
:107EE00029002320009402F0FDFAFFF7ADFFFFF711
:107EF00075FC07B030BDC046B8310020F319010849
:107F000007B5FFF7ABFC0023044A00933821103378
:107F1000112002F0E7FAFFF7BDFF07BD2B2501088E
:107F2000054B1B79002B05D10300413B192B01D8D0
:107F30002030C0B27047C046501300200E4A9378DC
:107F400000280DD05178994201D891707047D1180E
:107F50008979802902D902339370F7E70133FBE76F
:107F6000D1184979802903D9022BEFD9023BF3E7D5
:107F7000012BEBD9013BEFE75013002070B505F062
:107F800035FC144B01209978002918D05A78002A22
:107F900015D000245C715C186479802C10D90239EA
:107FA000997000189C784542A11D09185918A242E1
:107FB00009D8101AC0B258701B180020987170BDF3
:107FC00001399970EEE70E7801344E55E4B2013173
:107FD000EDE7C0465013002070B50A4B59789A78E7
:107FE0000C00E5B2AA4207D3541C01319A189071D3
:107FF0009C700020597070BD1D196E79013CAE71E6
:10800000EFE7C0465013002010B5084BD9785A78D6
:10801000002902D00123914205D90123122A02D856
:10802000FFF7DAFF0300180010BDC0465013002010
:1080300010B50024064B1422210006485C709C7089
:10804000FAF72CFA044B1C80044B1C8010BDC04670
:108050005013002056130020341D00200C1D00205A
:10806000064A1388002B08D0013B9BB21380002BDB
:1080700003D1034A1380034A138070470A1D00206E
:10808000341D00200C1D0020F0B5624C8BB00700A1
:10809000102220212000FAF701FA5F4D1022E87A21
:1080A000AE7A000230432E7B6B79360430436E7B10
:1080B0001B01360606439E1958493000FEF75FFA49
:1080C000012F48D100235648564F01788EB29AB2FC
:1080D000964238D800236354102220215248FAF7E0
:1080E000DDF90022E31CDA772B7FEA7E1B021343C3
:1080F0006E7FE87801936B7806AF022B49D1072198
:10810000FAF72AF80722C0B25043361AB3B21E1C3F
:10811000934200D9161C019BB6B2C018434B3200E3
:10812000C0183900FEF72BFA00239AB2B2422AD3C4
:10813000E8780721FAF796F80823C9B249006418CD
:10814000A3740BB0F0BDC2185278BA18323A127844
:10815000E2540133BBE72B796A79013B344F9A42F1
:108160000CDA300002A910301022FEF708FA03AB37
:108170003A003049200008F0E1FAADE7390020006C
:1081800008F0FCFAA8E75A00F95CA218D174013390
:10819000CBE70A21F9F7E0FF0A23C0B25843361AA9
:1081A000F30F9B195B109BB21E1C052B00D90526F3
:1081B000019B3900C0181D4B0A22C018FEF7DFF9D9
:1081C0006F78B6B2012F22D1E8780A21FAF74AF87F
:1081D000C9B2490816D10823A374112202A9521862
:1081E00003213B004E431233E3181234A419E4195F
:1081F000A342A6D0511E0978197011780232597025
:108200000333F5E703235943053361184B74002703
:10821000E3E7C046E41C0020161D0020241D0020BA
:108220000E1D0020091A0108F61C00200084080019
:10823000281D0020031A010837B5114C21780129A7
:1082400009D002290FD0002323700E4B1878431E4B
:108250009841C0B23EBD00910B007C2202211E203D
:10826000FFF7F6F9EFE70025232300957C220D2088
:10827000FFF7EEF9242229000348FAF70FF9E2E7A5
:10828000161D00200E1D0020E41C002037B5072419
:108290000500220000216846FAF700F92800FAF7E5
:1082A000D1F80200201A2900684408F03DFA6B4614
:1082B0000F2118785A789B7812010B401A436C46AC
:1082C0006B462479DB780840D2B20C4012040006D9
:1082D0001B01234310436C466A46A479527921401E
:1082E000DBB212011B020A43D2B2184310433EBD57
:1082F000F0B5624887B0FFF7C9FF0025604C020A5D
:108300002379A0710193A378E271020C000E6072D0
:10831000227225710120202B0DD05A4A1278AA42D0
:1083200009D0834209D11022A2728C3AE2728432BF
:1083300022736573002007B0F0BD534A9B009E581E
:10834000A378524AD25CAA4205D84F4A9B009D5856
:10835000552700266FE03700042202A93000FEF7FF
:108360000EF9E279A37912021A43237A01351B042C
:108370001A43637A10371B061343029AEDB29342F5
:1083800028D12379320A0133A672E272320C360EFA
:10839000237122736673A3783C4AD35CAB42C9D97C
:1083A000042202A93800FEF7EAF8E279A379120262
:1083B0001A43237A1B041A43637A1B061343029A57
:1083C00001929342B6D123790135013323711037DD
:1083D000EDB2E0E73E00B3E70D2202A92800FEF768
:1083E000CEF803A8FAF72EF8264BC0B21B788342CA
:1083F00041D2C01A02998000C0B2C1400291E27914
:10840000A37912021A43237A1B041A43637A1B06C8
:10841000134399422FD1237901332371552F07D16B
:108420002A0AE2722A0C22732A0EA5726273553749
:1084300001361035F6B2124C144AA378D35CB3421D
:10844000CAD8552F00D075E7E279A37912021A43F2
:10845000237A01201B041A43637A1B06134319096C
:10846000A171190BE171190D1B0F63726B461B791A
:10847000217223715FE7AA2FDAD15BE70F1D00207D
:10848000161D00200E1D0020C01A0108E81A010860
:1084900010B5094C1E2200212000F9F7FFFF202310
:1084A000082200210548A370F9F7F8FF24220021D3
:1084B0000348F9F7F3FF10BD161D00200E1D002024
:1084C000E41C002010B5054C6379AA2B05D1FFF7F9
:1084D000DFFFFFF7ADFD0023637110BD50130020D7
:1084E00010B505F083F90F4B9B7B072B19D1FFF7D4
:1084F000CFFF0D4C2379032B04D102220B4B1A70B2
:1085000001F014FD23790A4A0133DBB22371127A98
:10851000511E8A410332934201D30023237101F09B
:10852000A1FC10BDC431002050130020161D0020F6
:10853000FA13002010B5094C217901290CD963796F
:10854000002804D0581CF9F777FF617104E0013965
:10855000002BFAD0013B637110BDC046161D0020F0
:1085600010B5094C617F02290BD9E378002804D0AB
:10857000981CF9F761FFE17003E0012B02D9023B7F
:10858000E37010BD0239F6E7161D002010B5094C46
:10859000617F02290CD9E378002804D0581CF9F730
:1085A0004BFFE17004E00139002BFAD0013BE3708E
:1085B00010BDC046161D002010B5040005F016F9C8
:1085C0000E4B1B78002B04D12000FFF7B7FC0120D5
:1085D00010BD0B4B20005B78002B06D1FFF7AAFFE4
:1085E0000020FFF751FD0020F2E7022B02D1FFF738
:1085F000CDFFF5E7FFF7B4FFF2E7C0460E1D002000
:10860000161D002037B501AD032200212800F9F71F
:1086100045FF05F0EBF81B4C6378002B07D10133C5
:1086200063700020FFF730FD01F080FC17E0207F31
:10863000E37E00021843E3780222C018124B29009F
:10864000C018FDF79CFF6278104B012A13D15A78AD
:10865000DB78013B9A4203DB072002F0CFF937BDFC
:108660002878FFF7B9FC6878FFF7B6FCFFF710FF32
:1086700002232370D5E75A78DB789A42ECD2287827
:10868000F2E7C046161D00200084080050130020A9
:1086900070B5214C2278002A22D1302805D110381B
:1086A000FFF7B2FC0500280070BD01001B4B3039FC
:1086B0009970012119700021531CDBB22370A51899
:1086C000E31868705970154B9E78012E0CD1022268
:1086D0005A70FFF70DFE051E0ED1FFF7D5FCE2E73D
:1086E0000125062ADFD8E6E759703128F1D122703A
:1086F0006970FFF787FFECE72078012803D1FFF7C7
:10870000C3FC0025CFE700230138C0B22070241835
:1087100063700125C7E7C0460E1D0020161D00200E
:10872000F7B5040005F062F8FFF7CCFE2200254DF6
:10873000254B2E79303A9C46019291002348244BD8
:10874000012E19D9234F032E18D0795803270780FB
:108750001D4FA4B23A88A24220D11A8801321A8051
:108760001A88885C002813D0FFF7DAFBAB78002B5F
:1087700010D1FFF749FC0AE0174FE6E7002202801C
:1087800060461A807B5802801878FFF781FFFEBD93
:108790001880E5E7ED1868710020F8E70C4B022E11
:1087A0000BD16A461279092A07D8002202803A8042
:1087B0001A800878FFF7B4FBDBE7624614800022DA
:1087C000F6E7C04650130020341D00200A1D00208B
:1087D0000C1D0020141A0108441A010870B505F098
:1087E00005F8124A1378002B04D1FFF7C7FB0500E8
:1087F000280070BD0E4C6178012909D100236370F7
:108800001578002D0BD1FFF743FE02232370EFE70D
:108810000021013BDBB21370D3185970F0E7FFF76A
:1088200067FDFFF731FC0025E2E7C0460E1D002082
:10883000161D002073B5144B1B79002B1DD0F5239A
:10884000124A5B00D35C002B1AD10D241D25002693
:108850000F4B01968000C358162228000093012177
:10886000072301F0EDFE0B4B019600930F22072327
:108870000D21200001F0E4FE73BD27243725E6E733
:1088800029243925E3E7C046FA13002058110020B7
:108890000C0600206B13010813B5FEF7E9FF0B4B24
:1088A00000240093202301941A003021082001F0B5
:1088B000C7FE1023064A18212A20009401F012FE58
:1088C000FEF728FF02F0EEFF13BDC0463712010885
:1088D000431B010813B50D4B0400D87E00280DD0B2
:1088E00000200B4B0190009308220723582101F030
:1088F000A7FE002C01D0FEF743FF13BD0090072315
:1089000008225821FEF7A4FEF3E7C046FA13002020
:108910001012010837B5FEF797FFF522264B5200DB
:10892000995CA73AFF3A4A43244D9B1830331C7890
:108930002B003A331B78002B08D00020204B0190ED
:10894000009317220723222101F07AFE2B79012BB5
:1089500008D100201B4B019000930B2207234321D9
:1089600001F06EFE0020FFF7B5FF6B7A002B08D0F8
:10897000154B00200093072301901A00112101F0EC
:108980005FFE022C0ED1114B002000930723012122
:108990001A00019001F054FE002007F031FCFEF7B0
:1089A000EFFE37BD012CF7D1094B002000930723C0
:1089B00001901A002100EDE758110020FA13002061
:1089C00088130108FE110108E6110108811301084E
:1089D000CC12010870B50500080014000E00F9F76C
:1089E00031FD2200A04204D33100280007F09CFE94
:1089F00070BD20212800F9F751FD3000F9F722FD64
:108A0000241A6408020031002819EFE730B5050088
:108A100085B00C000D2200216846F9F73FFD2B7848
:108A20000020013BDBB2FD2B11D82A5C531EDBB2C8
:108A3000FD2B04D86B461A5401300C28F5D12000C8
:108A40000C226946FFF7C6FF00230120237305B0FF
:108A500030BD000030B585B004000D0005220021B6
:108A600002A8F9F71BFD124B9C421BD1114902A829
:108A700007F084FE104B2F241B79002B03D01A3CE7
:108A8000002D00D01C340023200000930522073362
:108A90001821FEF7DDFD02AA0121200001F008FEE9
:108AA00005B030BD621C054902A807F047FEE1E7AA
:108AB000FFFF0000301B0108FA130020341B0108DF
:108AC000F0B5170087B003AE05000C000C220021A2
:108AD0003000F9F7E3FC0322002102A8F9F7DEFCDD
:108AE00038001349F9F7BEFB380001911049F9F736
:108AF00033FB019B02000F49300007F01FFE0B21E2
:108B000002ABC9180222180007F00EFE002302AAC9
:108B1000937029003200200055350634F37101F0BE
:108B200025FEE9B2E0B202AA01F0C2FD07B0F0BD35
:108B3000A0860100391B0108F0B5150087B003AC11
:108B40000C220600019120000021F9F7A7FC280063
:108B50000B49F9F787FB28000F000949F9F7FCFAE0
:108B60003B0002000749200007F0E8FD0023220037
:108B700031000198637201F09BFD07B0F0BDC04663
:108B8000A0860100391B0108F7B5784B06001B7958
:108B90001F24002B03D0023C002800D01C344423A7
:108BA0007343734DEB180233DB7F002B3DD0002362
:108BB0000193704B0093062207232E21200001F021
:108BC0003FFD44237343EB180133DB7F002B2FD091
:108BD00000230193684B41210093072320001A00D2
:108BE00001F02EFD44237343EB189A696349126820
:108BF0000027521862498A4222D80723152255219C
:108C000020000097FEF724FD5E4B0F2200935521B4
:108C100007230197200001F013FD072337211A00D5
:108C200000972000FEF714FD68E00193564BC1E762
:108C30000093072341211A002000FEF709FDD1E728
:108C40000533DB7F012B5AD1504B0197009315223E
:108C500007235521200001F0F3FC4D4B1A784423E3
:108C60007343EB18012A52D19B691B79002B50D119
:108C70000093112207331A212000FEF7E9FC442358
:108C80007343EB1828331A780023012A53D1019338
:108C9000404B0093072337211A00200001F0D0FC3D
:108CA00044237343EB180333DB7F002B50D00023A6
:108CB0000193394B4B210093072320001A0001F048
:108CC000BFFC44235E43AD190435EB7F002B47D036
:108CD000324A012B09D0324A022B06D0314A032BEB
:108CE00003D0314A042B00D1304A00230092019373
:108CF000112207336D21200001F0A2FCF7BD00977F
:108D00000723152255212000FEF7A2FCA5E7DB6909
:108D1000ABE700220192012B08D1254B11320093C1
:108D200007231A21200001F08BFCA8E7214B112218
:108D300000930723F5E7022A02D101931E4BA8E70F
:108D40000093072337211A002000FEF781FCA7E7D4
:108D5000009307234B211A002000FEF779FCB0E7AF
:108D60000093112207236D215BE7C046FA13002010
:108D700058110020311201082412010880345BFFD1
:108D80007FB92A005C1101082B120108B7120108F3
:108D90006D1300206B11010809120108A0280108B9
:108DA000B1280108C2280108DD120108D3280108F2
:108DB000D5110108ED1101087A130108F0B58BB047
:108DC00006AE039105920700102200213000F9F74A
:108DD00065FB594B039A1B79584D002A49D1002B4A
:108DE00008D00C200824032F07D00B24002F04D018
:108DF0000E2402E0272001270400F8235B00EB5A31
:108E000004934F4B1B78042B03D1F133FF33EB5A00
:108E10000493002304380093C0B2153362221E214C
:108E2000FEF716FC032F43D14420039B3100584327
:108E300032302818FFF7EAFD01282AD1002332003A
:108E400000930C331E21200001F04CFB2100059AF9
:108E50000D314423012A26D1039A5343ED18EB69BF
:108E60001A682820FFF768FE0398FFF78DFE0BB005
:108E7000F0BD002B08D028202424032F07D027245E
:108E8000002F04D02A2402E0272001270400F92320
:108E9000B4E7294B2B4A1B7A012B00D12A4A002325
:108EA00000930C33CEE7039A5343ED18AB69D7E731
:108EB000002F11D14420039B310058433230281831
:108EC000FFF7A4FD012824D10097102332001E21B2
:108ED000200001F007FBC7E7022F1AD10C22202146
:108EE0003000F9F7DBFA0023A01E33733200009341
:108EF000C0B210331E2101F0F5FA049A1349013271
:108F0000300007F01BFC32001E21200001F02EFC77
:108F1000AAE7059A4423012A09D1039A5343ED187D
:108F2000EB691A6821001E20FFF7CAFD9CE7039A2F
:108F30005343ED18AB69F4E7FA13002058110020F1
:108F400074130020021B0108F21A01080F1B01080C
:108F500010B586B004001022002102A8F9F79EFA8D
:108F6000442363431148C2180832D27F002A10D12B
:108F70000F49002C00D10F4902A807F0FFFB002386
:108F80000093103302AA19000E2001F0ABFA06B0CC
:108F900010BD3233181802A9FFF738FD0028EED1B2
:108FA0000C22202102A8F9F779FAE8E758110020ED
:108FB000181B0108241B01084E4BF7B51B780C3B0E
:108FC000042B2AD94C4E4D4C3379002B3BD1F5273D
:108FD0007F00E55D44336B43E3180833DA7F002AF2
:108FE00022D1002D1AD129002A000120FFF7E6FE28
:108FF00029004348FFF72EFDF5235B00E05CFFF7F7
:10900000A7FF002301933F4B012100930723272053
:109010001A0001F015FBFEF7E1FBF7BD0121080086
:10902000FFF7CCFE0121E4E7002D0AD1707B290077
:109030000022FFF7C3FEE15D0B00F8335B00E05A4E
:10904000D8E7B07BF3E723000833DB7F012B30D177
:109050000022707B1100FFF7B1FEF82300215B00B6
:10906000E05AFFF7F7FC23006B331D78012D28D160
:10907000B07B29000022FFF7A1FEF92329005B0045
:10908000E05AFFF7E7FCF5235B00E45C002C20D1FD
:109090001D4B0121009307230D201A00019401F0BC
:1090A000CFFA072301211A0029200094FEF7D0FAF5
:1090B000B1E7002201201100FFF780FE00211048D7
:1090C000CFE7012100220800FFF778FE01210C48BC
:1090D000D7E70C4B00240093072301211A00292015
:1090E000019401F0ADFA072300941A0001210D202C
:1090F000DCE7C04674130020FA130020581100204A
:10910000FFFF00007911010872110108114B10B521
:109110001B780E2B02D102F015FD10BD0C2B02D1D5
:1091200002F040FEF9E70D2B02D102F0A5FEF4E7B4
:109130000F2B02D102F004FFEFE7102B02D103F056
:109140009FF8EAE7FEF794FBFFF7E4FBFFF734FF35
:10915000E3E7C04674130020F0B5184B85B00193C7
:109160000023012619002027154801AA4578DCB202
:10917000AC4215D300231371124B2F201B79002B07
:1091800007D0F52310495B00CB5C1A38002B00D0C8
:109190001C30012101F08CFAFEF720FB05B0F0BD78
:1091A000C418A479302C05D1002903D1D4186770D4
:1091B0000133DCE7D1184C703100F9E74D2D2D2D2E
:1091C00050130020FA130020581100207FB501AD84
:1091D00009222D212800F9F761F92E230022EB70D6
:1091E00013001A484478D1B28C4224D80B210024B1
:1091F0000222694468466C7207F096FA6B469C70CE
:10920000134BEC711B792734002B07D0F523114A3F
:109210005B00D35C183C002B00D01C342A002000DB
:109220001E2101F0A3FAA01D6A46732101F040FA45
:10923000FEF7D4FA7FBD032901D10133DBB28618D2
:10924000B679591CEE540132CBB2CCE75013002052
:10925000FA1300205811002010B5134C0220236887
:109260000233DB7F002B00D10420FFF7E3FAF52364
:109270000E4A5B00D15C23680833DB7F012B0DD1E4
:109280000B4A002907D0907B19001A00FFF796FDC2
:10929000FEF7A4FA10BD507B1A00F7E70122100078
:1092A0000029F3D01100F1E75411002058110020DB
:1092B000FA130020F523054A5B00D05C044B1B78B1
:1092C000012B02D143425841C0B2704758110020CF
:1092D00037320020424BF7B51B7804000E00002BFC
:1092E00001D0032B4BD13F4B1D79002D00D16CE0F9
:1092F000FFF7E0FF002800D16CE0FF2C29D02925E2
:1093000039200027384B0197A400E3581622009318
:109310000121072301F094F9344B019700930F22A8
:1093200007230D21280001F08BF90DE007231622F9
:10933000012137200095FEF78BF907230F220D211D
:1093400027200095FEF784F9002E18D0FEF746FA84
:1093500015E0274B31331C78002C1BD00025072348
:1093600000951622012C0BD121001D20FEF770F96B
:109370000D2107230F2208000095FEF769F9F7BDBC
:1093800001213920FEF764F9009507230F220D21F2
:109390002920F2E70723162201211D200094FEF761
:1093A00057F90D21072308000F220094FEF750F90A
:1093B00007231622012139200094FEF749F9009471
:1093C00007230F220D212920BCE7FF2CAED0272533
:1093D000372096E7FF2CBCD00D251D2091E7C04615
:1093E00074130020FA1300200C0600205C130108FF
:1093F0000630002010B500210420FFF76BFFFFF7B7
:10940000DBFD10BDF7B50F000024164D0190E61CE2
:1094100036013000144B3038C0180322390007F0F1
:1094200074F9002819D10200240123183733EB5CAA
:10943000FF2B01D00132D2B201300A28F5D100232E
:109440002C19A41837340132F11D2370D2B26918D7
:10945000019807F069F90120FEBD0134142CD6D122
:109460000020F9E70630002038300020F0B58DB03C
:1094700004AD0391060010222E49280007F054F98C
:109480002D4B1C78002C44D12C4B1979002942D14A
:109490001C2380220B200091FEF7DAF80A27284BC4
:1094A0001D2008933A2308AC237102AB3100C01889
:1094B000FFF7A8FF002809D133782072EB5C6371B5
:1094C0007378EB5CA371B378EB5CE3710026102337
:1094D000220009213800009601F004F8194B3800E9
:1094E00023803E23A370039BA6711B780D30EB5C99
:1094F0002200E370039B09215B78EB5C2371039BE3
:109500009B78EB5C63711023009600F0EBFFFEF795
:1095100065F90DB0F0BDFFF7CDFE00942023802249
:109520002100012801D10A30B6E72720FEF790F884
:109530002627B4E72811010874130020FA1300202D
:1095400043414C4C3E3E00007047000010B586B0D1
:10955000FEF78EF91B4A1C4903A807F0EFF83C21DF
:1095600000248000091A102303AAC9B20094042021
:1095700000F0B8FF154A164903A807F0DFF803AA60
:10958000009410231C21182000F0ACFF114B124A4C
:1095900038331B7803A89B00995807F0EFF8102385
:1095A00003AA33212C20009400F09CFFFEF7B2F8B0
:1095B000012002F013F9FA20C000FEF751FA06B0BC
:1095C00010BDC046691601084E1B0108541B010856
:1095D0005A1B0108741300202006002070B5A34C0C
:1095E0002378012B18D1002802D001280FD070BD9C
:1095F000A368D8B203F00CFCA268030001329C48B7
:109600009C49002B00D19C4907F098F8EFE7A3682C
:109610009A4A9B0099583CE03728E8D8F8F788FD2B
:109620003800E7FFE7FFE7FF3B00E7FF3B0065008F
:1096300071007C00FD018700E7FF92009200E7FFC8
:10964000A100AC00B700C200CA00CD00FD01D800E7
:10965000DC00EF00F600FD01FA00FD01050110013C
:109660001B018201FD019501A001A001AB01AB012D
:10967000B101B501FD01FD01B901C401C401C4017D
:10968000CF01DE01E101EC01FD01F201080213024C
:109690007B4977481AE0A3687548D32B0CD1794BE6
:1096A0005A6B002A03D01202120A7749ACE7102243
:1096B0002021F8F7F3FE9AE75A1ED12A09D9734BF5
:1096C0006B481B7A7249012B00D0724907F056F89B
:1096D0008DE77149692B04D96A3B5B00CA5A6F490F
:1096E00092E752008A5A6E498EE7684AA368127A56
:1096F0005F489B00012A02D16A4AD158E6E76A4ACC
:10970000FBE7624AA368127A59489B00012A01D1FB
:10971000664AF2E7664AF0E75C4AA368127A544860
:109720009B00012A01D1634AE7E7634AE5E7574A0C
:10973000A368127A4E489B00012A01D15F4ADCE7F8
:109740005F4ADAE7A368002198B2F9F723FEA2681E
:109750000300013246485B49002B00D054E75A49C8
:1097600052E74A4AA368127A41489B00012A01D174
:10977000564AC2E7564AC0E7444AA368127A3C48B0
:109780009B00012A01D1534AB7E7534AB5E73F4A44
:10979000A368127A36489B00012A01D14F4AACE7F0
:1097A0004F4AAAE74F4AA3684F49D35C64225A4301
:1097B0002F4829E7A2684D49FAE7344AA368127A8C
:1097C0002B489B00012A01D1494A96E7494A94E770
:1097D000A368494A9B001DE7A4680A210534E4B246
:1097E0002000F8F73FFD2000CDB20A21F8F7B4FCC5
:1097F0002B00C2B241491E4806F0A0FFF7E6A3685D
:109800000F22002B00D15AE75A43B8E0A3683C4A24
:109810009B00FFE6A26816483A490A2A00D155E79C
:109820000132052338495A43EEE6184AA368127AF2
:109830000F489B00012A01D1344A5EE7344A5CE7B5
:10984000124AA368127A0A489B00012A01D1314AC0
:1098500053E7314A51E70D4AA368127A04489B0046
:10986000012A01D12D4A48E72D4A46E7C43100209C
:10987000361D00204F230108DE230108E8060020E2
:10988000561300207413002057230108FA130020F8
:109890005C230108612301082417010865230108DE
:1098A0006C2301085006002058060020F80700200D
:1098B00000080020C0070020C8070020080800207A
:1098C00014080020101B0108131B0108700700205A
:1098D0007C070020B0060020C006002010070020F2
:1098E00020070020D62301087323010878230108EC
:1098F0006006002070060020400800207B2301083D
:10990000F0060020882301087E230108E0070020DC
:10991000EC070020300700203C070020480700200B
:1099200054070020534C102200212000F8F7B6FD08
:1099300000235148C15C4A1ED2B2FD2A00D956E626
:10994000E1540133102BF5D151E64C4AA368127A49
:1099500048489B00012A01D1494ACEE6494ACCE653
:10996000464AA368127A43489B00012A01D1464A1D
:10997000C3E6464AC1E6A268002A00D19FE64449F0
:1099800016E7A368434A9B0044E6A368424A9B004B
:1099900040E63A4AA368127A36489B00012A01D170
:1099A0003E4AAAE63E4AA8E6344AA368127A3148FB
:1099B0009B00012A01D13B4A9FE63B4A9DE6A268F3
:1099C000002A00D17BE62B48042A00D829E7374932
:1099D000052A00D17AE6053A354915E6A268013232
:1099E000E9E6264AA368127A22489B00012A01D19F
:1099F000304A82E6304A80E6A368002B00D15EE65A
:109A0000052201E71D4AA368127A1A489B00012A21
:109A100001D12A4A71E62A4A6FE6184AA368127AE7
:109A200014489B00012A01D1264A66E6264A64E6CC
:109A3000124AA368127A0F489B00012A01D1234AD7
:109A40005BE6234A59E60D4BA2681B7A0948002AB7
:109A500007D1012B02D11F4A1F49D5E51F4A2049D2
:109A6000D2E5012B02D11B4A1E49CDE51B4A1E49F6
:109A7000CAE5C046361D0020FA100020FA13002067
:109A8000D0060020DC060020800600209006002082
:109A900084230108D0070020200800203806002079
:109AA0004406002088070020A40700208E23010818
:109AB000942301086007002068070020A00600200A
:109AC000A8060020F8060020000700200807002054
:109AD0000C0700209A230108A0230108AC230108E9
:109AE000B2230108BE230108CA23010800B50D4BAB
:109AF00089B01B7A10220C49012B00D00B4903A816
:109B0000FEF768FF00211023009103AA2F2000F028
:109B1000E9FCFDF763FEFA204000FDF7A1FF09B064
:109B200000BDC046FA130020332301084123010879
:109B30007FB501AD0A2200212800F8F7AFFC1D4EC9
:109B40000A2134692000F8F707FBB378002B0ED107
:109B50001949F8F787FB20000D001849F8F7FCFABF
:109B60002B0002001649174806F0E8FD7FBD002CC7
:109B7000EED12D2107222800F8F790FC2E23AB70A0
:109B8000230011494878E2B2904207D800231022FE
:109B900029000C48EB7106F00AFEE7E7022A01D122
:109BA0000133DBB20E19B6795A1CEE540134D3B22C
:109BB000E9E7C046C431002010270000A08601005C
:109BC0008C1B0108361D0020501300207FB501AD0D
:109BD0000A2200212800F8F761FC1B4B1C699B78C6
:109BE000002B0FD119492000F8F73CFB20000D0095
:109BF0001649F8F7B1FA2B0002001549154806F08E
:109C00009DFD7FBD002CEDD12D2107222800F8F706
:109C100045FC2E23EB7023000F494878E2B29042B6
:109C200007D80023102229000A48EB7106F0BFFD77
:109C3000E7E7032A01D10133DBB20E19B6795A1CCA
:109C4000EE540134D3B2E9E7C4310020A08601000C
:109C5000841B0108361D0020501300207FB501AD84
:109C60000A2200212800F8F719FC1B4B1C699B787D
:109C7000002B11D1FA2120008900F8F7F3FA0D002A
:109C8000FA2120008900F8F767FA2B000200134937
:109C9000134806F053FD7FBD002CEBD12D21072288
:109CA0002800F8F7FBFB23000E494878E2B2904207
:109CB00007D80023102229000948EB7106F077FD30
:109CC000E9E7032A01D10133DBB20E19B6795A1C38
:109CD000EE540134D3B2E9E7C4310020981B0108E7
:109CE000361D002050130020F8B5184C002809D16B
:109CF000174B18491B7A012B00D01749200006F09A
:109D00003DFDF8BD154DFF2811D1154B0A211E69E7
:109D10003000F8F7A7FA30000F000A21F8F71CFA14
:109D20003B0002002900200006F008FDE9E70D4B8A
:109D30004000C75A0A213800F8F794FA38008EB26A
:109D40000A21F8F709FA330082B2EBE7361D00204A
:109D5000FA1300205C23010861230108A91B0108F4
:109D6000C4310020BE16010830B58DB0112200218B
:109D700002A8F8F793FB1122002107A8F8F78EFB41
:109D80002F4B30481A7A2123C1784B43017801299F
:109D90004ED12D49012A4DD11133C91807A806F01B
:109DA000EDFC0C2207A902A8FEF714FE00241023E4
:109DB00002AA19001420009400F094FB214D2349BD
:109DC000EA7802A806F0BAFC230002AA02211220B7
:109DD00000F0F0FB10221E4902A8FEF7FBFD102345
:109DE000009402AA21002F2000F07CFBAB78A34254
:109DF00008D0184B01940093062209232100322039
:109E000000F01EFCAB7B022B16D00A2B0AD1AA68ED
:109E1000114902A806F092FC002302AA6D212F200E
:109E200000F0C8FBFEF776FDFDF7D8FC0DB030BDA5
:109E30000A49AFE70133B0E7AA680949E9E7C04634
:109E4000FA130020C4310020B31B0108DE230108EF
:109E5000361D002018120108131B0108F51B01080C
:109E6000DD2301081FB5104B104A1B791178994268
:109E700019D013700E49032B02D80E4A9B00995833
:109E8000012402A806F07AFC092314226B210A207F
:109E90000094FDF7DDFB230002AA6C210B2000F0EB
:109EA00089FBFDF79BFC1FBD5013002070130020A1
:109EB000941B0108741B0108F0B50025102689B019
:109EC00012236B43164A17499B181A7803AC009368
:109ED000082A1DD1112320001A0006F02FFC0023B0
:109EE000637401277C223B0002211E200097FDF7AE
:109EF000AFFB0D4B2200E85C0023042100933300EC
:109F000000F0F0FABD4201D109B0F0BD3D00D7E745
:109F100033003200200006F011FC00232374E0E738
:109F2000E41C0020A21B0108B11B010813B5FEF7B9
:109F300083F9FFF797FF0F4B0F4C009310230F4946
:109F40001A00200006F0FAFB0021102300912200E5
:109F50002F2000F0C7FA207801F014FB084B1B7883
:109F6000002B01D0FFF7A8FFFF22064B1A70FFF766
:109F700079FF13BD56130020361D00202D23010844
:109F80000E1D00207013002073B5002006F038F974
:109F90003E4CA37B072B02D1A378002B13D10126C3
:109FA00002230096792205212920FDF751FB052582
:109FB000012329000A3500961A002820EDB2FDF78A
:109FC00047FB872DF4D1A07B01380D285AD8F8F72C
:109FD000A5F8532C0F59595907595959591A59234A
:109FE000A378002B4ED0FDF739FCFFF79FFF73BD20
:109FF000A378002B01D1A36823612069FFF798FDA6
:10A00000FFF7B2FEF3E7A378002B01D1A368236129
:10A010002069FFF7DBFDF3E7A378002B01D1A368EC
:10A0200023612069FFF71AFEEAE7A0782369002878
:10A0300013D1002B0DD09BB2002B0AD00200144983
:10A0400054000C5BD0B29C4203D00132332AF7D1CA
:10A05000FF2080B2FFF748FED2E700209BB2834288
:10A06000F7D002000A4954000C5BD0B29C42F0D0F9
:10A070000132332AF7D1EBE7A2680649064806F019
:10A080005DFBBDE7E078FFF7A9FAB9E7C43100202E
:10A09000BE16010878230108361D002037B50024BC
:10A0A000FDF7E6FB244B012529331878FDF738FA34
:10A0B0004023802221002000009400F09EFA02211B
:10A0C0003C2308007C22009400F097FA12237422AB
:10A0D00006210F20009500F090FA1023174A18006F
:10A0E0001C21009500F0FEF90C23154A16212420AE
:10A0F000009400F0F7F9332005233C22222100943C
:10A1000000F07BFAFDF706FB280001F067FB08343E
:10A110003C20E4B2F8F71EFF402C03D1C820F8F72A
:10A1200019FF37BD0323220023213420009500F0BE
:10A1300064FAFDF7EFFAEAE7FA13002006280108AF
:10A140008F260108F0B5002789B004AC0600039201
:10A150000D000E2220212000A773F8F79FF9009729
:10A160000C2322001C21312000F0BCF9012E13D950
:10A17000039B2A001449012B00D01449200006F04B
:10A18000DDFA0C2322001C213120009700F0AAF9EF
:10A19000FDF724FB09B0F0BD012E0FD128000A21E4
:10A1A000F8F760F828000E000A21F7F7D5FF330012
:10A1B00002000749200006F0C1FAE2E70549200045
:10A1C00006F0DCFADDE7C0469E260108A926010854
:10A1D000B0260108BD26010810B586B00D22202149
:10A1E000040002A8F8F75AF90F4902A806F0C6FAC7
:10A1F00000231C21009302AA0C33112000F072F9F5
:10A200000A49002C00D00A4902A806F0B7FA002338
:10A2100002AA00931C210C33312000F063F9FDF7F2
:10A22000DDFA06B010BDC046D0260108DD260108C3
:10A23000EA26010830B587B00D22002102A8F8F700
:10A240002DF9FDF70BFBF523114A5B00D15CA73B11
:10A25000FF3B4B439C580F492000F8F703F82000C0
:10A260000D000C49F7F778FF002402002B000A4983
:10A2700002A806F063FA102302AA1C2100941E20F3
:10A2800000F030F92000FFF7A7FF07B030BDC0464F
:10A2900058110020A0860100C62601081623F0B53B
:10A2A000002487B06B4406001C800D00170020219D
:10A2B0000B2203A8F8F7F2F800940C2303AA252137
:10A2C000312000F00FF9012E12D92A001449012F74
:10A2D00000D0144903A806F031FA0C2303AA252163
:10A2E0003120009400F0FEF8FDF778FA07B0F0BDD9
:10A2F000012E0FD128000A21F7F7B4FF28000E0025
:10A300000A21F7F729FF33000200074903A806F0E6
:10A3100015FAE2E7054903A806F030FADDE7C04682
:10A320009E260108A9260108B0260108BD260108BD
:10A3300070B586B00B222C49040002A806F0F4F98F
:10A340001320022200216844F8F7A8F80023274DC3
:10A350006A7C0093012A1ED1254A0C336C211120FE
:10A3600000F0C0F8002C21D10C2302AA25212120C5
:10A37000009400F0B7F80922202102A8F8F78EF81F
:10A380000C2325213120009402AA00F0ABF8FDF740
:10A3900025FA06B070BD0C23022A01D1154ADDE76B
:10A3A000032A01D1144AD9E7144AD7E700240C2321
:10A3B00002AA25213120009400F094F86D6810491C
:10A3C0002800F7F74FFF28000E000D49F7F7C4FEED
:10A3D000330002000B4902A806F0B0F900940C23E8
:10A3E00002AA25212120D0E738110108F8310020E8
:10A3F00005270108A8240108092701080D270108DD
:10A40000A0860100C626010813B5FDF727FA094BFF
:10A410001B7A012B0BD13421074A00240C23009412
:10A42000112000F05FF82000FFF782FF13BD2E21FE
:10A43000024AF2E7FA130020F7260108FE26010877
:10A4400070B5002586B00B22002103A8F8F726F886
:10A45000164C17493634227803A8013206F06EF9FB
:10A4600003AA00950C2355211E2000F03BF8237809
:10A47000104A9B009C5810492000F7F7F3FE20007B
:10A480000E000D49F7F768FE330002000B4903A8E0
:10A4900006F054F9102303AA18212D20009500F08E
:10A4A00021F8FDF79BF906B070BDC046FA130020F5
:10A4B00011270108282A0108A0860100841B010831
:10A4C00007B5FDF7CBF900230193054B222200933A
:10A4D0002F211D230E2000F0B3F8FFF7B1FF07BDB9
:10A4E0009F130108F0B500271E000C003D0099B035
:10A4F0001EAB1B780590069373080493069B079286
:10A500000393079B58190378002B51D0A02B1ED919
:10A51000102E16D108A9FBF7A9FD039B210001937A
:10A5200008AB0093320033000598FDF7BCF8A4197E
:10A53000E4B20235EDB2012FE3D1069B002703936D
:10A54000DFE70C2EE9D108A9FBF7C0FDE5E7082BF2
:10A5500011D1002D0AD0002321000093049A33006A
:10A560000598FDF775F8049B1C19E4B20127013525
:10A57000EDB20397C5E7203B5E2B11D8102E11D109
:10A5800008A9FBF7D3FD039B2100019308AB0093BF
:10A59000049A33000598FDF786F8049B1C19E4B271
:10A5A0000135C7E70C2EEED108A9FBF7D1FDEAE78C
:10A5B00019B0F0BDF0B50700002489B003910492F2
:10A5C000059306256543039B5D19049BEDB218199D
:10A5D0000378002B0FD006AE3100FBF7CBFD059BB7
:10A5E0000096019305220823290038000134FDF765
:10A5F0005AF8E4B2E5E709B0F0BDF0B585B01D004A
:10A600000AAB1B7806000393012300932B000F0075
:10A610001400FDF71DF8039B002B0FD1022C0DD960
:10A62000022D0BD9023CE2B2039C023D01370136F8
:10A63000EBB2F9B2F0B20094FDF70AF805B0F0BD44
:10A64000F0B58BB01F0010AB160004CB05001B78D3
:10A65000079109920893002F27D0002E25D0B3B27E
:10A66000FC08013406930593069A059B9B1A099AE8
:10A670009BB2D318089A00930292002208230192F9
:10A68000012C01D107233B40320028000799FCF739
:10A690005DFF069A059B9446013C634408359BB2D6
:10A6A000E4B2EDB20593002CDED10BB0F0BD00009A
:10A6B000F0B587B0029003920E000722002104A893
:10A6C000F7F7ECFE0027039BDA5D002A49D0110062
:10A6D0003039C8B204AD244B092803D88900595831
:10A6E000062232E04D2A1DD1996A463A280006F02A
:10A6F0001BF807240023310001932200073302983E
:10A700000095FCF7D0FF00233619F6B20093310014
:10A7100007330122029801360137FCF799FFF6B2A0
:10A72000FFB2D0E7562A02D1D96A4F3ADEE7462A6D
:10A7300002D1196B3F3AD9E74F2A02D1596B483AF7
:10A74000D4E72D2A06D1996B273A280005F0ECFFB3
:10A750000624CFE72E2A02D1D96B283AF5E71968EB
:10A76000BEE707B0F0BDC04680040020F0B58DB054
:10A770000490039105920021182206A8F7F78EFE97
:10A7800000270C26059BDB5D002B46D01A00303AD3
:10A79000D1B206AD092908D8214B9200D158182210
:10A7A000280005F0C1FF340008E02E2B20D11C4BFF
:10A7B0003200996A280005F0B7FF06240023220022
:10A7C000019303990D3304980095FCF76CFF002367
:10A7D000039A00931419E4B20D3321000122049866
:10A7E0000134FCF735FF0137E3B20393FFB2C9E749
:10A7F000432B02D10A4BD96AD1E7482B02D1084B2F
:10A80000196BCCE72D2B02D1054B596BC7E71822EA
:10A8100000212800F7F742FEC5E70DB0F0BDC046A5
:10A820004804002070B5902480261025E4057601A8
:10A83000A6610A20F8F78DFBA5610A20F8F789FBCD
:10A8400026850A20F8F785FB25850A20F8F781FB85
:10A8500070BD70B5902410268025E4056D01268515
:10A860000A20F8F776FB25850A20F8F772FBA66127
:10A870000A20F8F76EFBA5610A20F8F76AFB268527
:10A88000258570BDF7B580210190902000224901F7
:10A89000C00500F007FE90251420F8F75AFB0826A3
:10A8A00000241027ED05AF610A20F8F752FB2B8A30
:10A8B0006400E4B2DB0401D501231C43013E2F8573
:10A8C0000A20F6B2F8F745FB002EECD18026902046
:10A8D000760101223100C00500F0E4FD1420F8F7F4
:10A8E00038FB019B002B10D0AE6190251026ED05A2
:10A8F0000A20F8F72EFBAE610A20F8F72AFB2E8516
:10A900000A20F8F726FB2000FEBD2E85EDE7F8B5FE
:10A9100090241023E405060023850A20F8F719FB8C
:10A9200008250A27802273B25201002B43DB2285BF
:10A930003800F8F70EFB10233800A361F8F709FB85
:10A940001023013D760023853800EDB2F6B2F8F70A
:10A9500000FB002DE6D1802676010A202685F8F737
:10A96000F8FA90202A003100C00500F09BFD0A2073
:10A97000F8F7EFFA10230A20A361F8F7EAFA902219
:10A98000D20564231500148A344004D0013BDBB2A5
:10A99000002BF8D1012410230A202B858026F8F7FC
:10A9A000D8FA9020760131000122C00500F07AFD2E
:10A9B000AE612000F8BDA261BAE7F8B507000D004E
:10A9C000002401290DD10800FFF75CFF3870280032
:10A9D000F8BDF8F7BEFA0020FFF754FF01343070DD
:10A9E000E4B26B1E3E190A209C42F2DBF8F7B1FA82
:10A9F0000120FFF747FF3070E9E70000344B70B5E6
:10AA00001B78002B3AD1334B9B79002B36D0324C3C
:10AA100001232070002805D0042802D00223072833
:10AA200000D1032363700020FBF7B0FA032563888D
:10AA3000002BFCD16678F6B2002E2DD1300000F04C
:10AA4000A1FF1E20F8F786FAFBF778F9234C23784C
:10AA5000032B14D10120FAF7FDFC0120FAF7A6FD23
:10AA6000300000F08FFF2378022B01D100232370E8
:10AA700004211B4BDA1CD9700023537070BD194B95
:10AA80001B78002B06D1184B1878012802D1FAF751
:10AA9000E1FCE8E70020FAE76378013BDBB2637092
:10AAA0002278124B6A4361789B185B5C6380227842
:10AAB0000F4B6A4361789B18585C002805D0FAF761
:10AAC00067FE012000F05EFFB1E7FAF761FEAEE736
:10AAD000F02F0020FA130020481D0020B81300209A
:10AAE00074130020E03100206D13002019270108A5
:10AAF0003427010870B505000E00064C0021200027
:10AB0000F7F732FF66600121E5602000F7F72CFFC0
:10AB100070BDC046580002408021184B8900DA6899
:10AB200010B550181968D860884202D21C7C012CDC
:10AB300006D10122002112481A74F7F715FF10BD43
:10AB40008024E4001219914210D2091A01200D4A02
:10AB5000490089B298545A7CD2B2012A09D1002006
:10AB6000587409489A74FFF7C5FFE8E78021C900C7
:10AB7000F1E7012205485A74DA74F4E74C1D00200D
:10AB8000580002401410000060250020601D0020C5
:10AB9000F0B597B001AD2C2200210BA8F7F77EFC91
:10ABA00003AE082200212800F7F778FC0C220021D0
:10ABB0003000F7F773FC1422002106A8F7F76EFCAB
:10ABC00001210800F8F708F88020374F0121000123
:10ABD000F8F70EF83800F7F769FE344B80220B9334
:10ABE000334B00240C9310230D938023DB000E9332
:10ABF000129320231393802310929B0192180BA988
:10AC00003800149311920F941594F7F78FFE0122D8
:10AC100038000221F7F7B6FE380090270121FF0522
:10AC2000F7F7A2FE022238000B21F7F726FF802358
:10AC30001B010193022329002B71380001336B7132
:10AC4000AC71EC71F7F7C0FEFA23DB000493052327
:10AC5000184D31002800B37203943481F8F754F88A
:10AC6000154B802206936B469C83144B520006A919
:10AC7000280009930A920894F8F798F88021280090
:10AC800001224900F8F7CFF8220028001021F8F738
:10AC9000C6F828000121F8F773F821002800F8F71A
:10ACA00079F817B0F0BDC046580002404C2C014066
:10ACB000601D0020002C014070000100020008000F
:10ACC00030B50F4BDA79002A19D001001B7A4431D4
:10ACD000C9B2012B01D11030C1B20A4A9378002BBE
:10ACE00006D018001418A5780138E5700028F9D1AD
:10ACF0000120D1701070042B01D81B18937030BD47
:10AD0000FA130020642D0020F7B55E4B0700DB79B5
:10AD1000002B40D001235C4C64212370F7F71CFA10
:10AD20006421C6B23800F7F79DFACBB218000A21A9
:10AD30000193F7F711FA0A21C5B23800F7F792FA32
:10AD4000504BC9B21B7A012B2DD1002E00D174E0DB
:10AD50001036F6B200290DD0002D0BD01A33A37196
:10AD6000163BE671A3701A231035657123711031FB
:10AD7000E17010E02B001B220B4304D12671E2701E
:10AD80000223A37007E00423A6716271A370002D53
:10AD900063D1002903D1F7BD2571E370F0E71023DB
:10ADA0002371C918E4E7132F1AD9002E03D1002DFF
:10ADB0005DD000291AD0642F5BD933004433DBB255
:10ADC000012D1CD97F35EDB24F2200292AD0E37125
:10ADD000892344316371A2712571E170843BD0E70E
:10ADE0000A2F03D84437E7700123CAE70B3F082F27
:10ADF00002D87731E170F7E77F35E570F4E74F234C
:10AE0000443663713A33A6712371012D08D10029AC
:10AE100003D13B3BE3700423B3E77731E170FAE7FA
:10AE20004431FBE7A371892362712371E570F2E776
:10AE30007F3544312571E170A2E7002D02D1103138
:10AE4000E1709EE71035EDB21A230029A4D010312D
:10AE500023716571E170032393E72B001033DBB29C
:10AE6000002900D07FE723711A23E37093E7642F52
:10AE7000C5D8642FDCD1019B002BD9D14436267173
:10AE80004F338AE7FA130020642D0020002330B5E9
:10AE90005200934200D130BDCC5E80252D01641953
:10AEA0006410C4520233F4E7F0B552000026944611
:10AEB0002E4B2F4F00241C5F2E4B87B01B78029225
:10AEC0005D00ED5B039101960597029A002A09DC6B
:10AED000264A1480274A13706346D843C017184087
:10AEE00007B0F0BD002E28D00F2201991140012299
:10AEF0005640214A8F00BA589B183A2B22DD3A233C
:10AF0000082204270A400492EA08394201D0AA180C
:10AF100092B28F0702D56F08D21992B20127394237
:10AF200002D0AD08521992B2049900290ED0A41A89
:10AF3000124A94420EDA14000CE0027801300192B9
:10AF40001109D4E7DA43D2171340D9E7A4180C4A01
:10AF50009442F0DC05995A00555A039A1480029ADB
:10AF6000013A0292039A02320392AEE70E110020D8
:10AF7000401000080C1100200010000800F8FFFF2E
:10AF8000FF070000F3B50020FFB0FAF763FA80274F
:10AF90009023802200252E4CDB053F019F612D4B25
:10AFA000920069466068E554FBF7E9FA802263681D
:10AFB00092009B18A360284B22681D80274B284EC7
:10AFC0001D70284B9A4232D9802231009200684687
:10AFD000FFF76AFF80220125002731003000D200F0
:10AFE000FFF754FF2A0002211F482774E7606574A9
:10AFF000A774E574F7F7C6FC80204002F7F7D8FC89
:10B0000080213000C900FFF775FD29001748F7F7C8
:10B01000C1FE174B1E205D70F7F79CFF280000F063
:10B02000B1FC0A21134BD9701F717FB0F3BD310001
:10B030006846FFF739FF104982B2500053199BB29E
:10B040008B42C7D86B001B18E3189F820135F5E7C8
:10B050004C1D0020141000000E1100200C110020C7
:10B06000601D0020FF01000058000240002C01403C
:10B07000642D002074130020FF03000033B51D4C25
:10B08000FFB0A37C002B17D0802269469200A068F5
:10B09000FBF775FA8022184DA36892009B182900CF
:10B0A0006846A360FFF700FF80222900D200280035
:10B0B000FFF7ECFE0023A374E37C002B17D0802263
:10B0C00069469200A068FBF75AFA80220B4DA368EC
:10B0D00092009B1829006846A360FFF7E5FE8022D6
:10B0E0002900D2002800FFF7D1FE0023E3747FB0CF
:10B0F00033BDC0464C1D0020601D0020602500208F
:10B100000A4B10B50A4CC0180822C0002100FBF7FA
:10B1100036FAD022636812039B1863602368054ADD
:10B12000013B934201D8FFF72DFF10BDF09F0100B6
:10B130004C1D0020FF9F000010B5054B1B7C012B10
:10B1400003D10022034B5A7010BDFFF797FFFBE7B6
:10B150004C1D0020642D002010B50D4C002000F087
:10B1600011FC20000021F7F7FFFB00210948F7F749
:10B1700011FE002202212000F7F704FC802040028B
:10B18000F7F716FC0022044B1A709A705A7010BD23
:10B1900058000240002C0140642D002070B5041EB0
:10B1A00009D00E4BDA79002A06D19B79012B02D106
:10B1B0000720FFF723FC70BD1B7A012B01D034342C
:10B1C000E4B2074D2B78002B01D0FFF7C5FF012318
:10B1D0002B70AB700023EC706B70ECE7FA1300205F
:10B1E000642D0020014B18787047C046642D002064
:10B1F000174B70B51D78012D19D15A78002A23D12B
:10B200009C78002C18D11C70124B08322000DA7088
:10B210001C7100F0B7FB1E20F7F79CFE21000E48C2
:10B22000F7F7B8FD0D4B1A78022A01D11C7070BDDA
:10B230002800FAF70FF9FAE7013CE4B29C701C19F8
:10B24000E078FFF75DFFF2E7FFF776FFEFE7C04634
:10B25000642D002074130020002C0140B81300203E
:10B2600010B5FFF79BFF044B1B78002B00D110BDDE
:10B27000FFF7BEFFF7E7C046642D002010B5064B70
:10B28000DB79002B01D0002803D10800FFF7B6FBC3
:10B2900010BDFFF7E5FFFBE7FA13002010B50649E4
:10B2A0000648F7F73AFE002805D00448F7F71AFEDB
:10B2B000C0B2F9F77BFA10BD050105000038014066
:10B2C000802010B54002F7F77BFB002805D08020D6
:10B2D0004002F7F76DFBFFF71FFC10BDFA210D4B85
:10B2E00010B518688900F6F737FF0B4B0138984204
:10B2F0000ED8C021094A090650600948036A1B029A
:10B300001B0A0B430362002393600733136010BDD5
:10B31000FEE7C04634040020FFFFFF0010E000E01D
:10B3200000ED00E0F7B59C200121C003F7F754FCC5
:10B33000A0200121C001F7F75BFC9027524B0024AD
:10B340000325012600936B46FF05694638001E71F0
:10B350005D719C71DC71F7F737FB82213800B140D9
:10B36000F7F789FB80236A461B0269463800009381
:10B370005571D6711471F7F727FB6A466946380094
:10B3800015710095D471F7F71FFB6946E02302227F
:10B39000380000934D71CE710A718C71F7F714FB70
:10B3A000220038000521F7F768FB2200380006214B
:10B3B000F7F763FB220038000721F7F75EFB6946C9
:10B3C000324F334B380000930E714D718C71CC713C
:10B3D000F7F7FAFA38002F49F7F74DFB69462E4B7D
:10B3E000380000934D71CE710C71F7F7EDFA220021
:10B3F00038000D21F7F741FB220038000F21F7F745
:10B400003CFBA023022269461B0238000A714D71E1
:10B4100000938C71CC71F7F7D7FA6846F7F712FBF7
:10B4200080231B0200936B461C4F694638001E7137
:10B430005D719C71DC71F7F7C7FAC023DB010093E3
:10B440006B46694638005D71DE711C71F7F7BCFA16
:10B45000802300936B46124F694638001E715D7160
:10B460009C71DC71F7F7B0FA38002100F7F703FBA5
:10B47000402300936B46380069465D71DE711C7194
:10B48000F7F7A2FAF7BDC0461C7900000004004897
:10B49000FDBF0000191C0000024000000008004829
:10B4A0000014004813B5002A0ED06A460123137118
:10B4B00000236C469371032262716A4600916946CB
:10B4C000D371F7F781FA13BD6B461A7103236A46ED
:10B4D0005371023BF2E737B51B23012501AC200075
:10B4E0002380A570F7F7DAFA0C232000FF33A5704C
:10B4F0002380F7F7D3FA37BD70B59025ED0588B0F6
:10B50000280001220921F7F7B8FA280001220A21B0
:10B51000F7F7B3FA80236A4600249B000093FF3BB1
:10B52000FF3B137169460133280053719471D47144
:10B53000F7F74AFA8023DB00012600936B46694641
:10B540002800DE71F7F740FAE1235B0202930C2337
:10B550000394049405940794084C02A920000693D0
:10B56000F7F766FC320020000549F7F7BFFC310011
:10B570002000F7F7ADFC08B070BDC04600380140B0
:10B58000050105008022034B80B21885D96911425C
:10B59000FCD0704700380140802010B50E4C86B0BA
:10B5A0000121C001F7F730FB2000F7F751FB8223A0
:10B5B0005B040193094B01A90293094B20000393FB
:10B5C0000823049300230B82F7F764FB012120007A
:10B5D000F7F784FB06B010BD0038004000070200FA
:10B5E00001000002002310B50C4C07222000A362CA
:10B5F0000221F7F729F92000F7F73FF9042107485E
:10B60000F7F744F90028F9D004210448F7F74CF97A
:10B610000248F7F737F90009C0B210BD0024014015
:10B62000002310B50C4C07222000A3620121F7F77C
:10B630000BF92000F7F721F904210748F7F726F95D
:10B640000028F9D004210448F7F72EF90248F7F74B
:10B6500019F90009C0B210BD002401407FB5802057
:10B6600001218000F7F7C4FA1448F7F7B5F86846E7
:10B67000F7F7DAF800236A46694610481371009319
:10B68000029304930593F7F7B9F8022107220B48B8
:10B69000F7F7DAF80948F7F7DCF801210748F7F778
:10B6A000CBF801210548F7F7F1F80028F9D0034855
:10B6B000F7F7E3F8FFF796FF07B000BD002401405D
:10B6C0000E4B0F4A10B51A600E4A5A600E4ADA60E5
:10B6D000FFF704FEFFF7FFFEFFF724FEFFF75CFF16
:10B6E000FFF70AFFFFF7BAFFFBF75AF8FFF750FA28
:10B6F000FFF778FFFBF7CEFE62B610BD001000200A
:10B70000857800089DB20008C1B20008064B074AC0
:10B7100018788021002803D0118500221A70704704
:10B7200091610122FAE7C04612110020000400488E
:10B7300010B59024E405238A1BB2002B45DA322091
:10B74000F7F708FC238A1BB2002B3EDAF8F7CEFC91
:10B75000F9F732FE1D4B1B78022B02D1C820F7F7F8
:10B76000F9FB04F0A5FEFBF76FF9F522184B520028
:10B77000985CA73AFF3A424399180831C97F0129DA
:10B7800020D113314143F8303232C8314000D21851
:10B79000C918C05AFBF7FEF8FBF79EFA6420F7F7CA
:10B7A000D9FB90238022FA20DB0552001A85400045
:10B7B000F7F7D0FBBFF34F8F064B074ADA60BFF3B2
:10B7C0004F8FFEE7FBF7E0F9E6E710BD6D130020B1
:10B7D0005811002000ED00E00400FA05034B802220
:10B7E000002801D11A8570479A61FCE700140048CF
:10B7F00010B50B4C002806D100212020FAF7ECF8F8
:10B800000023237010BD012805D101212020FAF763
:10B81000E3F80123F5E72378002BF6D0ECE7C046E8
:10B820001011002090220821D2050A4B002802D1D5
:10B83000118518707047012801D19161F9E71878D6
:10B84000002803D0118500221A70F3E791610122CC
:10B85000FAE7C0461111002010B5002805D180225A
:10B86000064B1A85064B187010BD012803D18022A3
:10B87000024B9A61F6E7FFF749FFF5E7000400483D
:10B880001211002010B5054B5B7E022B05D1044B35
:10B890001B78012B01D0FFF739FF10BD7413002076
:10B8A000F02F0020094B0A4ADB783221042B0BD9F8
:10B8B000052B06D12833FF3393838022054B9A61F1
:10B8C00070479621053B89004B43F5E7FA130020AA
:10B8D0007413002000140048074BDB78002B0AD0BB
:10B8E000064A1378053B012B05D9938B002B02D117
:10B8F0008022034B1A857047FA130020741300202E
:10B900000014004810B501290FD190238022802116
:10B91000DB05D2018901012801D0032802D11A8553
:10B92000996110BD19859A61FBE7022919D100219F
:10B93000032811D8F6F7F2FB080208020820FAF7EC
:10B940004BF80121042004E00420FAF745F8012116
:10B950000820FAF741F8E4E70820FAF73DF800215B
:10B96000F0E700210420FAF737F800210820FAF761
:10B9700033F890238022DB05D2011A8580229201C0
:10B980001A85CEE7034B0422012801D19A61704742
:10B990001A85FCE70004004870470000BFF34F8F92
:10B9A000024B034ADA60BFF34F8FFEE700ED00E081
:10B9B0000400FA057047704710B5024B1B689847A2
:10B9C00010BDC0460010002010B5024B5B689847C0
:10B9D00010BDC0460010002010B5024B9B68984770
:10B9E00010BDC0460010002010B5024BDB68984720
:10B9F00010BDC04600100020F0B5002406000A2744
:10BA000085B0039430006421F6F72CFCCDB22800F9
:10BA10003900F6F7A1FBC0B20301390028000193F9
:10BA2000F6F720FC019B3000194303AB1955642144
:10BA3000F6F792FB01340600042CE3D1039805B01D
:10BA4000F0BD020000230E32018802305B189BB269
:10BA50009042F9D11800704710B504F011FC094B61
:10BA600000201A78822A0BD964231800B62A07D836
:10BA700053431800044B3521C018F6F76DFBC0B2D4
:10BA800010BDC0462C32002038CDFFFFF0B50F00AE
:10BA90008BB00021160005000C2207A80193F6F7D1
:10BAA000FDFC3800FFF7A8FF05903000FFF7A4FF6A
:10BAB000012305AC60602373A3730C2203332021A0
:10BAC00002A8E373F6F7EAFC0023019AD25C002A8D
:10BAD00001D00C2B06D102AA21002800FAF72AFF78
:10BAE0000BB0F0BD02A9CA540133EEE7034B18684E
:10BAF000431E033300D902487047C046E8F7FF1FD2
:10BB0000DEC0ADDE1FB56B4600210E22981CF6F795
:10BB1000C5FC6A460A4B68461380FFF792FF6B46E6
:10BB2000D8810620FEF76AFF0120F9F7A5FD6846D7
:10BB3000F9F7DCFDF9F7CCFDF8F7C4FA05B000BD64
:10BB4000015A0000F0B500248BB040238022210070
:10BB500020000094FBF77CFD402380222100200080
:10BB60000094FEF74AFD0121012508003E237E22B4
:10BB70000094FEF742FD00950B2378220421032058
:10BB8000FEF73BFD0C2300951900284A0420FEF720
:10BB9000A9FC00940C23264A06211220FEF7A2FCE1
:10BBA000244D0A266643244B1D361B78F6B2A34269
:10BBB00025D9AB780020FF2B06D032225343FF213A
:10BBC0001800F6F753FB6E38AF682A786B7840425E
:10BBD0001A49002F00D11A4901910090194902A871
:10BBE00004F0ACFD00230134009302AA0C330621BB
:10BBF0003000E4B2FEF776FC1435032CD1D10E4BA5
:10BC00001C78002C0DD10C230F4A1900242000941D
:10BC1000FEF768FC0C2300940C4A19002E20FEF756
:10BC200061FCFBF777FD0BB0F0BDC046A327010810
:10BC3000B5270108702D0020161100209928010851
:10BC40009B270108CD270108E5270108F4270108F3
:10BC5000F0B54D4A4D49136889B001338B4202D883
:10BC6000136009B0F0BD00231360FFF7BBFA051E97
:10BC7000F7D104AC010010222000F6F70FFC444E6F
:10BC80003378002B4FD02800F9F7F6FCFAF701F9CA
:10BC900000282DD02000FAF70AF92000FFF7D1FE86
:10BCA000E389834224D13B4B22889A4220D1A37856
:10BCB0002A009C4614203778374ED3B29F4217D9BA
:10BCC00001001300013251431439715C6145F4D114
:10BCD0004343E288F318A1889A7001229A600022F7
:10BCE00059705A602D4B1B780E2B01D1FFF72AFF9C
:10BCF000F9F7EEFC1424264B1B78AB42B1D9220095
:10BD00006A43254B9B185A6801325A60062A07D9A4
:10BD100000229A60214B1B780E2B01D1FFF712FFF6
:10BD20000135EDB2E7E70C2201A91420FAF727FC50
:10BD300004221B4901A804F029FD061E00D090E74B
:10BD400002A804F0C1FCC5B2002D00D189E7FFF7BD
:10BD500083FE0700FAF718F80E4BC0B2E080A68108
:10BD6000200023806580A7800696FFF76AFEE081A9
:10BD70000120F9F781FC2000F9F7B8FCF9F7A8FCDD
:10BD8000F8F7A0F96DE7C04618110020E70300009E
:10BD900016110020055A0000702D00207413002099
:10BDA0004F27010870B500248AB0210020000094BC
:10BDB00040238022FBF74CFC21002000009440230C
:10BDC0008022FEF71AFC02210125080000943C2382
:10BDD0007C22FEF712FC00950D237422062104201C
:10BDE000FEF70BFC10231F4A0E2100950520FEF7DD
:10BDF00079FBF9F7C9FF0500FFF72EFEEAB2030051
:10BE0000194905A804F09AFC0C2305AA190000940E
:10BE10001620FEF767FB0C2300941900134A242018
:10BE2000FEF760FB0322124B03AE1D782E21013575
:10BE300015402A0030001D70F6F730FB0C237455B6
:10BE4000190000940B4A3020FEF74CFB0C23320003
:10BE50005C2130200094FEF745FBFBF75BFC0AB049
:10BE600070BDC0465B2801086A28010880280108C7
:10BE7000131100209228010830B500248BB0210056
:10BE80002000009440238022FBF7E2FB21002000E9
:10BE9000009440238022FEF7B0FB02210125080018
:10BEA00000943C237C22FEF7A8FB00950D2374220E
:10BEB00006210420FEF7A1FB00951023114A0A2158
:10BEC0000520FEF70FFB0C23009419000E4A1820E2
:10BED000FEF708FB0C23009419000C4A2420FEF7FF
:10BEE00001FB0B4B0B491A7802A804F027FC0C232A
:10BEF00002AA190030200094FEF7F4FAFBF70AFCBE
:10BF00000BB030BD10280108212801083328010892
:10BF1000161100204428010807B500200122064B15
:10BF200001001870054B1A70009040237F32FBF718
:10BF30008FFBFFF7A1FF07BD161100206808002046
:10BF4000F0B5002489B04023802221002000009415
:10BF5000FBF77EFB40238022210020000094FEF7A7
:10BF60004CFB0121012608003E237E220094FEF7AF
:10BF700044FB0B237822042103200096FEF73DFBAF
:10BF80000C231A4A102104200096FEF7ABFA184B36
:10BF900004AA23CB23C212251B6813600396A300B7
:10BFA00004AA9F58134B6E1C1A78E3B2F6B29A4259
:10BFB00018D1039B7822009304210A232800FEF75E
:10BFC0001CFB039B00930C230B353A000621300029
:10BFD000EDB2FEF787FA01343E2DE0D1FBF79AFB74
:10BFE00009B0F0BD002300930C33EDE701280108F0
:10BFF0004811010815110020F0B589B0FFF73CFF8A
:10C00000474B1B78FF2B0FD0FAF750FA09280BD1BA
:10C010000F22444B04381A70FEF7F0FCFFF790FF34
:10C02000F8F750F809B0F0BD0020F9F725FBF9F753
:10C0300030FF002870D06846F9F739FF6846FFF7EF
:10C0400000FD6B46DB89834266D16A46364B128817
:10C050009A4261D16A466B46D788142000229B8899
:10C06000324C1B042178324D1F43D3B299424CD835
:10C07000202951D06B4618892E4B1E78721C1A70DD
:10C0800014234B43FF212A4AD518A970FE39A96011
:10C0900000219E540C33687069609818264932005C
:10C0A00004F04CFB23780021013323701E236B44E2
:10C0B0001980224B04AC23802A7B3B0CA3806B7B32
:10C0C00012021343AA7B2381EB7B120213432A7CC7
:10C0D00063816B7C120213432000A3816680E7809A
:10C0E000FFF7AFFCE0810120F9F7C6FA2000F9F76D
:10C0F000FDFAF9F7EDFA0620FEF780FC6420F6F76A
:10C1000029FF0620FEF77AFC06E003005343EB5CB0
:10C1100001321B049F42A8D1F9F7DAFA82E7C04640
:10C12000A618002074130020025A000016110020E7
:10C13000702D00206808002054270108035A0000D1
:10C1400070B588B0FFF72EFE464B1B78FF2B0FD043
:10C15000FAF7ACF909280BD10F22434B04381A70B7
:10C16000FEF74CFCFFF7ECFEF7F7ACFF08B070BD34
:10C170000020F9F781FAF9F78CFE002830D06846E4
:10C18000F9F795FE6846FFF75CFC6B46DB89834256
:10C1900026D16B46354A1B88934224D1FFF7A6FC73
:10C1A0000500FFF759FC060012200E22002168440A
:10C1B000F6F774F92E4B04AC238020002B0CA380DF
:10C1C000E5802681FFF73DFCE0810120F9F754FA74
:10C1D0002000F9F78BFAF9F77BFA0420FEF70EFC42
:10C1E000F9F776FAC2E7234A9342F9D1FFF77EFCCA
:10C1F0006B466A469B88D2881B0413439842EFD152
:10C200006B461A89987804AB5A70110A6A461970FD
:10C2100052890024DA70110A6A46997092899C71D9
:10C22000110A197114495A714143144A200089189E
:10C230000A00FFF72BFC0420FEF7E0FB6420F6F772
:10C2400089FE0420FEF7DAFB6420F6F783FE042063
:10C25000FEF7D4FB044B1C70F7F7F0F8FCF756FF21
:10C2600082E7C046A618002074130020015A00007F
:10C27000025A0000035A0000A8610000C02090028A
:10C28000F0B5002499B040238022210020000094C2
:10C29000FBF7DEF940238022210020000094FEF706
:10C2A000ACF90121012508003E237E220094FEF70F
:10C2B000A4F900950B23782204210320FEF79DF9B1
:10C2C00000950C23424A1021042004ADFEF70AF920
:10C2D000210006222800F6F7E1F83E490A5D531EC8
:10C2E000DBB2FD2B03D82A550134042CF6D10024EF
:10C2F0002A0039490BA804F021FA00940C230BAA58
:10C3000006211220FEF7EEF81D25344B1421187873
:10C3100008AE0019F6F790F80C22029130000021C7
:10C32000F6F7BCF8029B1A012D4BD3180393002398
:10C330001A0003993732895C4A1ED2B2FD2A03D80B
:10C34000F15401330A2BF3D106AF06220021380045
:10C35000F6F7A4F800231A0003993232895C4A1ECA
:10C36000D2B2FD2A03D8F9540133042BF3D1202192
:10C37000029A337801328B431FD11A4910A804F076
:10C38000DDF96E1CF6B2002C1ED101270A2300979E
:10C39000782204212800FEF730F90C2300970B3592
:10C3A00010AA06213000EDB2FEF79CF801343E2DB4
:10C3B000ABD1FBF7AFF919B0F0BD009733000A49D4
:10C3C00010A804F0BBF9DCE7002300930C33E6E788
:10C3D0005D270108FA2F00206C27010814110020A6
:10C3E000063000207A270108882701086420094BBD
:10C3F00010B55880F9F7CCF9074B587C012806D1C5
:10C40000064B1B78022B02D1F9F7C0FD10BD0020AE
:10C41000FAE7C046F02F0020FA1300206D13002029
:10C42000084B9A88002A01D0013A9A801A89002A7A
:10C4300001D0013A1A81DA88002A01D0013ADA8063
:10C440007047C046F02F00200A4B10B51C78002022
:10C45000012C0AD1084B5B7C022B07D1043000F081
:10C46000D1FA0422054B1A70200010BDFFF7BEFF61
:10C47000FAE7C046F02F0020FA1300206A130020CC
:10C4800070B5344C2278012A43D1A188324D00295D
:10C4900029D10C236078A380638800283AD00C331C
:10C4A0009BB26380FA2B00D961702C4B1B78022B56
:10C4B00002D16B7C022B19D0E388002B07D16433A7
:10C4C0000220E380FFF794F90220FFF7C5F96088A6
:10C4D000F9F75EF96B7C002B02D0AB7C002B05D00A
:10C4E0000120FFF74FFA6B7C002B12D02689002E1B
:10C4F0000FD11A4B1B78012B13D1F7F785FD6B7CFD
:10C50000022B02D16680F9F719FC03F00BFF144BE4
:10C51000238170BD0C3B9BB26380452BC5D86270F4
:10C52000C3E76680F9F70AFCF7F722FE3000F8F758
:10C53000DFFE3000F8F78EFFF6230A4A5B00D05C7E
:10C540003100FFF7DFF90120FFF76CF9FFF74EFF2D
:10C55000DDE7C046F02F0020FA1300206D13002005
:10C56000B80B00005811002070B5040003F0A0FFC4
:10C57000324E012C44D1F523314A5B00D15CA73BFC
:10C58000FF3B4B439B582F4A9B182F4A934206D898
:10C59000737C002B03D00720FEF730FA70BD01201A
:10C5A000F6F7E8FC0C22294B52425A700D329A7071
:10C5B0000C23274CA3805833E380264B2381F9F7C3
:10C5C000BDFB737C002B18D0B07C002801D1FFF795
:10C5D000D9F9F7F719FD0020F8F73CFF737C022B1F
:10C5E00002D00120FFF71EF90020FFF701F901201A
:10C5F000FFF732F901232370D0E7FFF7F7FEEDE7ED
:10C600000024134D2000AC80EC802C81FFF70AF948
:10C610002000FFF7EDF82000FFF71EF96C80F9F716
:10C620008DFB737CA34203D0F7F774FDFCF7C4FCC9
:10C6300000202C70FFF7A6F9B0E7C046FA130020DF
:10C640005811002080345BFF7FB92A00741300204A
:10C65000F02F0020B80B000010B50C4C2378002BF5
:10C6600007D00B4B1B78022B03D10020FEF7C6F935
:10C6700010BD0620FEF7C2F903F01AFF092323704C
:10C68000F6F76AFCFBF7EAFAF2E7C04674130020FB
:10C69000B8130020642310B5094A137053780E2B89
:10C6A00009D8D1188871013300205370FEF7A6F91C
:10C6B000FBF718FB10BD0320FEF7A0F9FAE7C04610
:10C6C00050130020F8B5194C2378092B07D1FCF73B
:10C6D00073FC174E7578002D02D100232370F8BD2E
:10C6E000E31C1022FF211348DD77F5F7D7FE002267
:10C6F0000F20D3B29D42F0D93A2149428C46B3185B
:10C700009B7911009C44674623310A2F02D8373B9E
:10C71000635406E02A2B01D11C3BF9E7232B02D1FD
:10C7200060540132E5E70340F2E7C046741300208D
:10C7300050130020971300200022024B0333DA77B6
:10C740007047C04674130020002210B5054B052029
:10C750001A70FEF753F9F6F7FFFB03F0A9FEFCF79A
:10C76000D5FC10BD7413002010B50300152832D875
:10C77000F5F7D4FC1C2E31313131101214160B0B8D
:10C780000B0B0B0B0B0B0B0B181A2633D8B2FFF746
:10C7900081FF10BD4120FAE74220F8E74320F6E789
:10C7A0004420F4E72A20F2E72320F0E70B4B5878E7
:10C7B00000280AD064220138C0B258701A701818C4
:10C7C00000238371FBF78EFA0320FEF717F9E0E7E9
:10C7D000FFF7BAFFDDE70020F7E7C046501300205F
:10C7E000A02010B5154C0B2221000002F9F7C7FE5E
:10C7F000637A052B01D904236372A37A062B01D92E
:10C800000523A372E379052B01D90123E371237A70
:10C81000052B01D901232372A0220949520009489E
:10C82000F9F7ADFE102208490848F9F7A8FE1022D2
:10C8300007490848F9F7A3FE10BDC046FA2F0020AB
:10C840003830002020A000007831002080A10000B6
:10C850008831002090A1000010B504000120102CA8
:10C860001AD9F9F793FB0120114B5B7A034207D0E9
:10C87000FFF788F80420F8F7EDFD0320F8F796FE9F
:10C88000102C0CD90B4B1C19113C2078F8F780FFA9
:10C890000122094B9A7710BDF8F7CCFEE3E7074B6E
:10C8A000A4001A195188E05AF8F7DAFEF0E7C046FA
:10C8B000FA130020742901087413002020290108AC
:10C8C00010B50120F8F7B6FE0120FFF75BF8042051
:10C8D000F8F7C0FDF120F8F769FE00210C48F8F7E1
:10C8E000BFFE5020F6F736FB00210A48F8F7B8FEE5
:10C8F0005020F6F72FFB0020FFF744F80021080036
:10C90000F8F7AEFEF9F790FA0020F8F74FFE10BDE9
:10C910005428000048220000F0B585B069460A2678
:10C92000324A334B02AF00928B800292BB80314C73
:10C93000657CE38A002D01D105B0F0BD002BF9D153
:10C94000012D03D0022D18D0637428E02800237530
:10C95000A374F8F76FFEA37CE35CE374264B5B7A69
:10C960009B0708D50420F8F775FDF120F8F71EFEA7
:10C970002800FFF707F802236374237D1F4D002B67
:10C980000FD1E37C1E4A9B00D118985A4988F8F7CA
:10C9900067FE6A46EB79D35C7343E3820123237518
:10C9A000C5E700210800F8F75BFE2B7AFB5C7343B8
:10C9B000E38200232375A37C0133DBB2A374E25C22
:10C9C000E274FF2A01D00F2BB1D9002503232800E0
:10C9D0006374A574E682FEF7D5FFF9F7AFF9280076
:10C9E000F8F7E4FDF9F720FAA1E7C046050A141E9E
:10C9F0002832000006300020FA130020FA2F002011
:10CA000020290108F8B50500042811D10222514B54
:10CA1000FF321A80F93AFF3A5A80F8325A744E4A75
:10CA2000117B642201314A43DA82FFF775FF5AE035
:10CA3000052824D1F522494B5200995CA73AFF3AC8
:10CA40004A439B180733D87F454B424CC01800011E
:10CA50002A002100F9F793FD2378FF2B43D00E2302
:10CA6000032240494048237203F05EFE01236374B1
:10CA7000394B1A7B642301325343E382D5E73B4EA3
:10CA800006281BD1F31CDD7F324C2A0038492000D8
:10CA900003F04AFE0F2D0DD8FF276755032D09D14E
:10CAA0003049344A4B7A3448D35C2A00E37003F0AF
:10CAB0003BFEE77100230336F377D7E77368421E26
:10CAC0001B021B0C012A17D8002B0DD1214C012D64
:10CAD0000FD121007331FF311022200003F024FE1A
:10CAE0002378FF2B2DD1F8BDF9F756FB0028EDD0A8
:10CAF0009BE721008331EEE7002B1DD1F522174B78
:10CB00005200995CA73AFF3A4A439B180733D97FF2
:10CB1000104C0901323109190322200003F004FEF0
:10CB20001049144A4B7A1448D35C0322E37003F093
:10CB3000FBFDFF23E371D3E7F9F72EFB0028DDD0DF
:10CB400073E7054B1A7B642301325343E3820123CD
:10CB500063746AE706300020FA13002058110020A1
:10CB6000020A0000FA2F00200F300020741300206A
:10CB7000971300207F2901080A30002010B5084BC8
:10CB800031331A78002A05D0064A1278002A02D0DA
:10CB900000221A7010BD1A70FCF70EFAFAE7C046B0
:10CBA00006300020741300200022014B9A85704744
:10CBB00006300020104B10B51A0031321278002ACE
:10CBC00018D0EC220D49FF32895C5A182C321278A9
:10CBD00010430FD00A4A100038300478072C01D9CE
:10CBE0000724047038325B1811780A224A432C3328
:10CBF0001E321A7010BDC0460630002058110020A9
:10CC0000FA130020014B31331878704706300020AA
:10CC1000F7B5052200216846F5F740FC354B187C36
:10CC2000022802D800221A74F7BD3349334C4A7ADD
:10CC3000A65C002425001F5DE2B2B74208D16F4612
:10CC40007A556A1C151CD2B2042A00D90425EDB20B
:10CC50000134E2B29042EED8F522294C5200A65C93
:10CC6000A73AFF3A7243A2180532D27F012ADBD1DC
:10CC7000002DD9D06A461278032AD5D10728D3D1FE
:10CC800018781A1DD0771A795878DA765A1DD07725
:10CC90005A7998781A779A1DD0779A79D81D5A7749
:10CCA0000022C2779A77887A164E150023355D5D8B
:10CCB0008F5CAF4208D0002802D0375CAF4203D06F
:10CCC00000222B331A70AFE70132032AEDD11A008C
:10CCD00002212B321170EC22FF32A25C313301327F
:10CCE00001201A70FFF766FF07490848FCF7BEFBF2
:10CCF0009AE7C04606300020FA2F00207F2901085D
:10CD00005811002078290108293000202130002006
:10CD100070B5144B144C9B7B002B01D1237470BD58
:10CD2000A57E002D0AD1237C002B07D0FFF770FFD2
:10CD30001022FF2120002574F5F7B0FBF9F78EF8DB
:10CD40000028ECD0257C6B1C2374F9F79BF8042396
:10CD50006055A376237C0F2BE1D9FFF759FF002301
:10CD6000DCE7C0467413002006300020094B5A78D7
:10CD7000002A0BD0084A5A8002221A700832997889
:10CD80009A80064A1170DB7853707047BE22920079
:10CD9000F1E7C046B83100208A020000B913002034
:10CDA00010B5154B5B7E002B03D1144B1B78022B67
:10CDB00003D10720FDF722FE10BD03F079FBF6F743
:10CDC000CBF802220E4B0F491A700F4B1A705A887B
:10CDD0005218D72192B249008A4204D95A78002ABF
:10CDE00007D00A4A5A80FBF78BF8FAF787F9052033
:10CDF000E0E7BE229200F5E7FA130020B813002006
:10CE00007413002076FDFFFFB83100208A02000075
:10CE1000044BC2089B189A790723034001209840CD
:10CE200010407047B831002070B51D24002801D093
:10CE30000138C4B21E251D262000FFF7E9FF002897
:10CE400008D1002C08D0013CE4B2013DEDB2002D28
:10CE5000F2D1FF24200070BD3400F6E770B51E2625
:10CE600001301E21F5F7E8FA3500CCB22000FFF7BB
:10CE7000CFFF002809D1601C2900F5F7DDFA013E3B
:10CE8000F6B2CCB2002EF1D1FF24200070BD00001C
:10CE9000F8B50025D727194E7F00B572184C6A00E7
:10CEA000A218D37891781B02164A0B439B189BB2A9
:10CEB000BB4206D8A9B201221348F6F715FA01239E
:10CEC000B37201351E2DE9D123003E331A781D2A95
:10CED00001D900221A70B37A002B02D13F3423709B
:10CEE000F8BD3E3425782800FFF792FF0028F7D1DF
:10CEF0002800FFF7B3FF2070F2E7C046B8310020EA
:10CF0000B913002076FDFFFFBE31002010B5164C8E
:10CF1000164BA27A002A0BD01A003F321178012951
:10CF200017D10021117019785A7812020A436280D1
:10CF30003F3318780138431E98413230FEF72EF9FE
:10CF4000FAF7DCF8022323700833A380FAF7A2FF74
:10CF500010BD012111701A003E3212788A409A18D1
:10CF60009178D278E1E7C046B8310020B9130020AB
:10CF7000322370B5284C62782370531CDBB2A218A0
:10CF800063709071012B01D0022B06D9332832D95E
:10CF9000022363702E33A371E071204BDB79002BE9
:10CFA0002DD11800FDF72AFD6578022D30D1002320
:10CFB0001B48237203F08EFB0400013CF5F7CCFF05
:10CFC000E0B21F2820D8174A41005118CB788C783E
:10CFD0001B022343D72414496400591889B2A14283
:10CFE00006D83E321070114A53800A231570938080
:10CFF000FAF750FF70BD0123A0716370CDE73038A0
:10D00000C0B2FDF781FECFE73F20FEF7C7F8EFE79C
:10D01000FAF7E4FEEEE7C04650130020FA130020B2
:10D0200056130020B913002076FDFFFFB831002011
:10D0300070B5184C23003F331B78012B1FD12500FE
:10D040003E352878FFF70AFF2870FF2803D1FA3809
:10D05000FDF7D4FC70BD40002018C37882781B0215
:10D0600013430D4A538002220B4B1A7008329A80E8
:10D070009A782270DB786370FAF70CFFEAE7064AC9
:10D08000064953888B4201D80133EBE7BE239B004E
:10D09000E8E7C046B9130020B8310020370400008B
:10D0A00070B5184C23003F331B78012B1FD125008E
:10D0B0003E352878FFF7B8FE2870FF2803D1FA38EC
:10D0C000FDF79CFC70BD40002018C37882781B02DD
:10D0D00013430D4A538002220B4B1A7008329A8078
:10D0E0009A782270DB786370FAF7D4FEEAE7BE2103
:10D0F000054A890053888B4201D9013BEAE787231F
:10D10000DB00E7E7B9130020B83100200322054B0C
:10D1100010B51A70FA2292009A80FAF701F9FAF71C
:10D1200079FE10BDB8310020322310B5294C627849
:10D130002370531CDBB2A21863709071012B02D0D4
:10D14000E2789A4202D20123A0716370A379302B56
:10D1500003D01A00323A032A04D800206070FDF789
:10D160004DFC10BD312B28D12D3BE3701A4BD879E3
:10D17000002824D1FDF742FC6278E378934226D15F
:10D18000E41800231548A37103F0A4FA0400F5F78E
:10D19000E3FE134BE218D7235B009A420AD802221F
:10D1A000104BA0B21A70083258809A800E4B18703B
:10D1B000000A5870FAF76EFED3E70323D5E76378C9
:10D1C000E31858793038C0B2FDF79EFDD4E7FAF77E
:10D1D000BDFDC6E750130020FA13002056130020AF
:10D1E00076FDFFFFB8310020B9130020164B10B5B3
:10D1F0001A78012A1ED1154A1278012A17D1144A29
:10D200001278012A13D813490A78002A0FD19A8874
:10D21000002A0BD0013A92B29A80002A06D102323B
:10D220000A701A7003F044F9FAF76AFE10BDC822BA
:10D230009A80FBE7074A1278022AF7D19A88002AD7
:10D24000F4D0013AF4E7C046B83100206D13002055
:10D25000B8130020741300200022024B1A709A8029
:10D260007047C046B831002010B500240C4B1C702C
:10D27000F5F772FE03F01CF92000FEF783FBFBF7C5
:10D2800045FF084C2378012B01D0FAF70BF8022355
:10D290002370F9F733FF05214120FDF7EFFF10BDA3
:10D2A00074130020B83100200A4B10B51A78022AF6
:10D2B0000ED10022084C1A702378012B01D0F9F707
:10D2C000F1FF0020FEF75EFB01232370C733A3802C
:10D2D00010BDC04674130020B831002010B5FFF710
:10D2E00085FF1D4B1B78022B0CD11C4C207801387C
:10D2F00003282DD8F4F712FF06020726F9F7E2FFFC
:10D300000423237010BD164BA2889A42FAD8FAF76C
:10D3100013F8022802D0A388002B0ED10223237019
:10D32000104B1A003F321278002A03D1A2781A70EB
:10D33000E2785A70FAF7AEFDE4E70128E2D1F9F796
:10D34000EFFFDFE700230120A380FEF71BFBD9E7F7
:10D35000FFF78AFFD6E7C04674130020B8310020DB
:10D36000D3030000B913002010B5064B26303F331D
:10D370001B78C0B2012B02D1FFF7FAFD10BDFFF7F9
:10D38000D3FEFBE7B913002010B520284FD8F4F7DF
:10D39000C5FE6565574E4E4E141C2C3E11111111E1
:10D3A0001111111111115A4E654E4E4E4E624E4ED4
:10D3B0004E203200FFF7D8FF10BD0020FEF7E2FA42
:10D3C000F9F770FF01F02EFDF6E7FFF731FE0120BF
:10D3D0000EE0284B1A78002A04D1013206201A7078
:10D3E000FDF70CFBFFF724FEE6E7FFF759FE0220EE
:10D3F000FDF704FBE0E71F4B1A78002A04D1013245
:10D4000006201A70FDF7FAFAFFF74AFED4E71A4A27
:10D410005378002B11D02020013BDBB2D118537080
:10D420008871002B05D032231370FAF78FFC00208F
:10D43000DEE7FAF72FFD0320DAE7FFF715FFBBE77A
:10D44000FFF764FDB8E70D4B3F331B78012BEED09F
:10D45000FFF75CFEBBE7F5F7E7FDADE700F010F87E
:10D4600003001D3BDBB2012B00D8FF2000F028F8A1
:10D47000A2E7C0460B11002050130020B913002072
:10D48000012813D0002803D016280AD0FF2007E077
:10D490002220094B32331B78062B01D8074AD05C77
:10D4A0007047054B252033331B78F5E7024B2420CA
:10D4B00034331B78F0E7C046FA13002085290108B1
:10D4C00010B5FF2803D10020FDF798FA10BD1D38D4
:10D4D0000828FBD8F4F718FE1411FAFAFA051E2AE8
:10D4E00021001F4C0321607E0130F4F7A5FFC8B274
:10D4F0006076FEF7B1F90620E6E7F5F753FEE5E7BB
:10D50000174B1B78042B02D101F07EFEDEE701F001
:10D5100039FEDBE7F5F7DEFDD8E7124B00201B787C
:10D52000012B00D00120FFF71FF8CFE70C4B0021A3
:10D530001A780C3A042A08D805201970FDF75EFA0B
:10D54000FBF7E4FDF6F7BEFDC0E70F221A70064BAD
:10D5500006201970FDF752FAFEF7F2FCB6E7C04656
:10D5600074130020F02F002015110020020010B5C8
:10D570000E4826324378C1188A7132220270072B76
:10D5800001D801334370F522094B5200995CA73A48
:10D59000FF3A4A439B180833DB7F012B02D1F6F791
:10D5A000A7FB10BDF6F732F9FBE7C0465013002089
:10D5B0005811002070B50400F5F7CEFC002C09D0FE
:10D5C000154D2B78002B05D1FBF7BEFF01202870ED
:10D5D000FDF714FA02F06CFFF522104B5200995C33
:10D5E000A73AFF3A4A439B180833DB7F012B0FD140
:10D5F00021000020F6F73CFB002C08D1FDF7F2FDDE
:10D60000002802D10130FDF7F9F9FBF79DFF70BD4D
:10D610000020F6F731F8EFE70B1100205811002039
:10D6200070B50400F5F798FC002C0AD0164D2B7845
:10D63000002B06D1FBF788FF012302202B70FDF79A
:10D64000DDF902F035FFF522104B5200995CA73A44
:10D65000FF3A4A439B180833DB7F012B0FD121008F
:10D660000020F6F725FB002C08D1FDF7BBFD0028B4
:10D6700002D10230FDF7C2F9FBF766FF70BD002052
:10D68000F6F762F8EFE7C0460B11002058110020B2
:10D69000F52010B5194A4000145CA738FF386043E4
:10D6A000121808321649D47F4B78002C17D1002B62
:10D6B0000BD02020013BDBB2CA184B709071002BBD
:10D6C00005D032230B70FBF781FD002004E002F04F
:10D6D000EFFEFBF771FC0320FDF790F910BD002B66
:10D6E000F3D02D20013BDBB2CA184B709071002B98
:10D6F000EDD032230B70FBF72FFDE6E75811002029
:10D700005013002070B5202800D96BE0F4F706FD17
:10D710006565262B316A14171D2311111111111182
:10D72000111111114A4D65625F5C535659506A1BC5
:10D730002100FFF71BFF70BD00F090FAFBE700200F
:10D74000FFF738FFF7E70120FAE70020FFF768FF4F
:10D75000F1E70120FAE7FFF79BFFECE7F5F7FCFBA9
:10D76000F6F706FBE7E7F5F757FF0320FDF746F965
:10D77000E1E7F52244241C4B52009A5C05215443F6
:10D780001C19251DE87F0130F4F756FEA369C8B2C5
:10D79000E8771968F8F73AF90620FDF72FF9FBF753
:10D7A000B5FCC8E7F6F796F8C5E7FEF755FFC2E700
:10D7B00001F0E8FCBFE701F02FFFBCE7F5F734FC10
:10D7C000B9E702F0F1FBB6E7F5F742FCB3E7F5F78E
:10D7D00053FCB0E701F016FCADE7FFF751FEFFF791
:10D7E0006FFEA8E70020C1E758110020064B023366
:10D7F000D97F32234A1C5343044A0A2901D0938219
:10D8000070473233FBE7C046FA130020C4310020D2
:10D810000E4910B50B880200834203D80C48002340
:10D82000824203D900200B4B1A6110BD5C000C5BD7
:10D83000D8B2944202D004D90138C0B2054B1A6163
:10D84000F3E70133332BF1D11800F7E7BE160108D7
:10D8500090650000C4310020002370B5BA4CA3735A
:10D86000362800D9D1E1F4F76DFC3700600067007D
:10D870006D007A008D009500AD00B300B900C000C6
:10D88000C500CC00D400D400E000EA00EF00F400B2
:10D89000F900FE00020107010C01130117011C0130
:10D8A000210126012A012F013A01410147015601B8
:10D8B0005B01600165016A0185018A018F01340104
:10D8C00095019A019F01A401A901AE01B301B9011B
:10D8D000C101C601CB01CE01072344219B4DA37397
:10D8E0000533EB709E336B71994A4133FF33D35C40
:10D8F0004B43D11808000830C07F002802D1954B57
:10D90000A3603EE00800323000780138C0B2FD2844
:10D9100009D800203E31323308709A188E498F485A
:10D9200002F00CFF68700023EAE70C23A3738C4B12
:10D930001B689B691B68E3E70C23A373884B1B6878
:10D94000DB69F7E70223A3733133A380844B1B68A1
:10D950009B69986880B2FFF75BFFA06011E00A2323
:10D96000A373CA33A3807E4BA0221B6812069B6957
:10D970009B6819001140914221D1D322A260794ABB
:10D98000536370BD0223A3733133A380744B1B68B0
:10D99000DB69DEE70A23A373CA33A380704BA0219F
:10D9A0001A680906D3699B6818000840884206D1A6
:10D9B000D323A36093699A686A4B5A63E1E7D22B39
:10D9C000B1D89DE70223A380654B1B6801330AE0B1
:10D9D0000223A380624B1B68023304E00223A3806E
:10D9E0005F4B1B680533DB7F8AE70223A3805E4B16
:10D9F000313304E00323A380594B1B6828331B7881
:10DA00007EE70323A373564B1B68DB6AA360236185
:10DA1000B7E7564B4E4AA3800423A373E733FF3383
:10DA2000D35CF8335B009B5A6AE70E23A373FA2397
:10DA30004D4A9B00918DD28D4B439B1860E7032389
:10DA4000A380494B9B7A5BE70423A380464B5B7A18
:10DA500056E70423A380424B1B68C9E70723A38032
:10DA6000414B1B7B4CE70A23A3803F4BC7E70423B2
:10DA7000A3803D4B5B7843E70223A3803A4B3A33C4
:10DA8000BDE70423A373023BA380374B9B7837E7A2
:10DA90001023A380344B99E70D23A380324B5B798D
:10DAA0002EE70223A380304B1B7A29E70223A380B1
:10DAB0002D4BDB7924E70B23A3802B4B8CE7022330
:10DAC000A380294B9B791BE70223A380264BDB7D98
:10DAD00016E70223A380224B1B68063383E7022349
:10DAE000A380214B1B7F9B079B0F09E70223A38089
:10DAF0001D4B1B7F1B07F7E70723144DA3731C4A1D
:10DB00000933EB709A336B711378013BDBB2FD2B59
:10DB100000D908E702E70223A380134B3C336EE7EA
:10DB20000223A380104B1B79EAE60423A3800E4B4B
:10DB30005B7BE5E60423A3800B4B9B7BE0E60B239A
:10DB4000A380094B5B7DDBE6C4310020501300202D
:10DB500058110020FFFF0000E227010856130020A3
:10DB60005411002074130020FA130020E703000072
:10DB7000FA1000200B23A380264B9B7DC0E60423D4
:10DB8000A380244B5B7FBBE60823A380224B1B684A
:10DB9000293334E70223A3801E4B1B7DB0E602230A
:10DBA000A3801C4B5B7CABE60723A380194B32336D
:10DBB00025E70723A380174B333320E70723A380F0
:10DBC000144B34331BE70523A380124BDB7897E615
:10DBD0000423A3730133A3800E4BD9E70223A38050
:10DBE0000C4B2A3301221B78134089E60423A380BF
:10DBF000084B1B7C84E60223A380064B3033F1E7FD
:10DC00000223A3808FE60123FBE70822A273063AD2
:10DC1000A28075E6FA1300205411002000220B4B5D
:10DC20009A730B4A002805D11E213E329980127842
:10DC30009A60704702213F3299801278012A01D1FF
:10DC4000044AF5E7044A5278F2E7C046C43100209E
:10DC5000B9130020FFFF0000B831002010B5F5F720
:10DC60007BF9F9F7FBFD02F023FCDC2200230B4CCF
:10DC700092012280A3702383E382E373FFF7B6FD52
:10DC80000122074B1A70E078FFF7E6FDFCF77CF9FC
:10DC900006214220FDF7F2FA10BDC046C431002033
:10DCA0007413002010B5164C2378012B24D1F8F7FB
:10DCB000CBFEF522134B5200985CA73AFF3A424341
:10DCC00099180831C97F012917D113314143F83020
:10DCD0003232C8314000D218C918C05AF8F75AFE7B
:10DCE000094B0A49DA789A76002222700A709A82E1
:10DCF000F5F732F9FBF70AFA10BDF8F745FFEFE741
:10DD00007413002058110020C4310020B8130020E3
:10DD100010B5FFF76BFDF5F71FF9124B9878002847
:10DD20000DD099889A68013900208A4205D20132C3
:10DD30009A601861FCF728F910BD9860F9E75978E6
:10DD4000DA7801398A4208DA0132DA70D8781B7839
:10DD5000012B04D1FFF762FFECE7D870F6E7FFF77D
:10DD60007BFDE7E7C431002010B5FFF73FFDF5F775
:10DD7000F3F8104B9A78002A0BD09A68002A06D044
:10DD8000013A9A6000221A61FCF7FEF810BD9A88E9
:10DD9000F6E7DA78002A08D0013ADA70D8781B78EA
:10DDA000012B04D1FFF73AFFEEE75A78F4E7FFF7CB
:10DDB00053FDE9E7C431002070B51F490300CA7B59
:10DDC00004241500303BDBB2A54315D1002B10D045
:10DDD000333802280AD9194A5800825A0A61022B9C
:10DDE00005D80123CB730620FCF708FE70BD022383
:10DDF000F8E78B600B61F6E7501E114C4000005BAA
:10DE0000104C4343086901321B182088CA730B6108
:10DE10000022834201D88A60E5E75500655BD0B2F5
:10DE2000AB4202D003D20138C0B28860DBE70132D6
:10DE3000332AF2D11000F8E7C431002092290108FA
:10DE40008C290108BE16010870B51A4C6278531C63
:10DE5000DBB2A21863709071012B01D0062B05D99B
:10DE6000012300226370144BA0711A616378E318D8
:10DE70005D79124B303DD879EDB2002813D1FCF713
:10DE8000BDFD6378062B0DD100230D48237302F0EE
:10DE900021FC0A23084A58430A4B092D07D15B7A13
:10DEA000C01A106170BD2800FCF72EFFE9E75B5D2A
:10DEB0001818F6E750130020C4310020FA13002090
:10DEC00056130020DA15010870B51A4C6278531CFD
:10DED000DBB2A21863709071012B01D0062B05D91B
:10DEE000012300226370144BA0711A616378E31858
:10DEF0005D79124B303DD879EDB2002813D1FCF793
:10DF00007DFD6378062B0DD100230D48237302F0AD
:10DF1000E1FB6423084A58430A4B092D07D15B7A79
:10DF2000C01A106170BD2800FCF7EEFEE9E75B5DEA
:10DF30001818F6E750130020C4310020FA1300200F
:10DF400056130020DA15010810B5154C6278531CE1
:10DF5000DBB2A21863709071012B01D0062B05D99A
:10DF60000123002263700F4BA0711A610E4BD87908
:10DF700000280CD1FCF742FD6378062B06D1002364
:10DF80000A48237302F0A6FB064B186110BD6378A4
:10DF9000E31858793038C0B2FCF7B6FEECE7C0465B
:10DFA00050130020C4310020FA1300205613002023
:10DFB000F7B50E0004006427031D009330003900FC
:10DFC000F4F750F93000CDB23900F4F7C5F80A2162
:10DFD00006002800F4F7C0F80A2103012800019385
:10DFE000F4F740F9019B5918009B21700134A342BA
:10DFF000E4D1F7BD70B51A4B06005B78002B21D039
:10E00000184B1D692800F5F78DF9012825D1F52356
:10E01000154C5B00E15CA73BFF3B4B43E318083327
:10E02000DB7F012B11D113304843002E0BD0CC30B5
:10E0300000192900FFF7BCFFF5235B00E05C00211D
:10E04000F5F7B0FC70BDC830F2E749018831091915
:10E0500008222800F5F782FAEEE7FBF747FDF1E723
:10E0600050130020C4310020581100201D4B10B562
:10E070001969040000291FD089B2F5231A4A5B00F0
:10E08000D05CA73BFF3B4343D3180833DB7F012B16
:10E090001BD113334343D318002C14D0D23319802F
:10E0A00014234343D218D732012113788B431370C2
:10E0B0000021F5F777FC10BD9B68002BDDD00B4AE3
:10E0C0005B00995AD9E7D033E9E74301002C05D02A
:10E0D000D4189034D21821809932E5E7D4189234BC
:10E0E000F8E7C046C431002058110020BE160108D0
:10E0F0001A4B10B599680400D22900D90021F523E4
:10E10000174A5B00D05CA73BFF3B4343D31808335F
:10E11000DB7F89B2012B14D113334343D318002C76
:10E120000DD0D233198014234343D218D7320121A2
:10E1300013788B4313700021F5F734FC10BDD033F6
:10E14000F0E74301002C05D0D4189034D218218078
:10E150009932ECE7D4189234F8E7C046C431002075
:10E16000581100207FB501AC0E00150007490200D0
:10E17000200002F0E3FA0023DAB2954200D87FBD16
:10E18000E25C303AF2540133F6E7C046DE2901087A
:10E19000F0B5854B8BB09E68844BB7B21B7805AC4D
:10E1A0000093002B00D174E0142200212000F4F72A
:10E1B00075F906237E4DE3732B7F012B5AD1AB6992
:10E1C0009BB26381238169682000FFF7F1FE6968D3
:10E1D00006A8FFF7EDFEB0B240010C2202A9F8F745
:10E1E000CEF905AD02AA29003800F8F7A3FBFA23FF
:10E1F000704C5B00E7520A3BE35C0126F8335B009E
:10E200001F53F8F769FDEE233200FF3339006A48E7
:10E21000E654F5F769F8EB7B5B0707D5F723320087
:10E220005B0039006548E654F5F75EF823000833D3
:10E23000D97F012907D1F8235B00E35ABB4202D101
:10E240000020F5F7AFFB23006B331878012807D1C6
:10E25000F9235B00E35ABB4202D10100F5F7A2FBB0
:10E26000524B1A78002A03D000221A70FFF71AFDC9
:10E270000BB0F0BD022BA6D12A7DAB69012A9FD03D
:10E28000A0225B025B0A1206134323610723E37398
:10E2900099E7F5234421474D5B00EB5C594301931B
:10E2A0006B180833DB7F012B10D1454B0C22C918AA
:10E2B00002A802F039FA1423019A5343ED182300FF
:10E2C000C83507CD07C306CD06C38AE7B6B27601C7
:10E2D00030000C22143002A9F8F751F900991422E9
:10E2E0002000F4F7DBF800993800F5F753F8002820
:10E2F00041D0142221003000F8F741F9F5234422DF
:10E300005B00EB5C06A85343ED186B69E968638119
:10E31000FFF74EFE01212E20FCF7B0FFF52344222B
:10E32000012624485B00C55CE17B6A438218531CCC
:10E33000DB7F6D0133409B014019009305004023B2
:10E3400098359943009B6D780B433540B3432B437D
:10E3500008250232D27F1B49A273CA7BAB433240ED
:10E36000D200134306229630007813432073C97AF3
:10E37000E373617335E7F52644227600AB5D200038
:10E380005343EA1851699268618159592281FFF714
:10E390000FFE4422AB5D06A85343ED18E968FFF772
:10E3A00007FE02212F20B7E7C4310020F4310020FE
:10E3B000F831002058110020C5120020481200201A
:10E3C0008A110020FA130020394B73B59C68002194
:10E3D000A4B22000F4F7DEFF002863D02000F8F795
:10E3E00005FB210000223348F4F77EFF00222100C4
:10E3F0003148F4F779FFEE220023304CFF32A3546A
:10E4000019006E31FF31615C002924D00123A3542F
:10E41000A35C002B25D12A4B2A491B7A2A4C012BBD
:10E420001DD12A4B0093102320001A0002F086F918
:10E4300000211023009122002F20FCF753F8F9F758
:10E44000CDF9F8F701FABFF34F8F214B214ADA607B
:10E45000BFF34F8FFEE701337D2BD1D1D8E71E4BA1
:10E46000E0E7F8267600A05B0021F4F793FF051E95
:10E4700008D12900A05BF4F7A1FF0121A0532800D7
:10E48000F5F790FAF9256D000021605BF4F782FF43
:10E49000011E07D1605BF4F791FF01216053080072
:10E4A000F5F780FA06213E20FCF7E8FE73BDC04672
:10E4B000C4310020C512002048120020581100204D
:10E4C000FA130020E3290108361D0020EC29010879
:10E4D00000ED00E00400FA05D629010870B5114BE3
:10E4E0005B78002B1AD0FA210F4B89001C692000A1
:10E4F000F3F732FEFA2185B289002000F3F7B2FE6D
:10E500000A208CB201006843614380B289B200F0F6
:10E51000C9FD002803D1054B9D85DC8570BDFBF747
:10E52000E5FAFBE750130020C4310020FA13002065
:10E5300073B5394C112200212000F3F7AFFF374E9D
:10E54000374D337A012B2CD1364B00931023290001
:10E550001A00200002F0F2F800211023009122009E
:10E560002F20FBF7BFFFF9F739F92F4B1B78002B52
:10E5700001D001F08FFB2D4B1B78002B01D001F057
:10E58000ADFB2B4B1B78002B01D001F0BFFB294BBF
:10E590001B78092B07D1FFF785FB0220FCF72EFA29
:10E5A00073BD254BD1E7062B2CD10120FCF726FAB1
:10E5B000337A012B2DD1214B0093102329001A000F
:10E5C000200002F0BBF800211023009122002F2030
:10E5D000FBF788FFF9F702F9194B9B68012B01D172
:10E5E000F8F732F9F8F73EF9F8F756F9FA20400053
:10E5F000F4F7B0FCBFF34F8F124B134ADA60BFF34E
:10E600004F8FFEE7114B1B78012BC9D1FCF7F0FDB2
:10E61000ABE70F4BD0E7C046361D0020FA130020B1
:10E62000E3290108A62901086F1300206B130020BD
:10E63000B0130020A6180020B2290108C129010842
:10E64000C431002000ED00E00400FA05741300203E
:10E65000CF29010870B5362858D8F3F773FD370075
:10E66000540058005A005E006200640066008C008E
:10E67000AA00CA00D000F7002101240127012A01C5
:10E680002F0134014F01540158015D0162016701FE
:10E690006D01720177017C0184018901B101BB0127
:10E6A000C401D401E501EA01EF01F401F901FE0121
:10E6B00003028E01130218021D02220227022C02FD
:10E6C00031023A02420247024C024F02D04B5A78C2
:10E6D0000C2A01D90C225A70F5264424CD4D76001F
:10E6E000A85D0C2260433230FF214019F3F7D6FEBB
:10E6F0000C22A85DC84960433230401902F014F87A
:10E70000F9F76CF802E00020FFF774FC70BD0120FF
:10E71000FAE70020FFF7AAFCF8E70020FFF7E8FC83
:10E72000F4E70120F6E70120F8E7BC4B44229968A2
:10E73000F523B8485B00C35C5A438218541CE17748
:10E7400001240832D27F2140A2420AD1142253432D
:10E75000C3184020D0338A01D97981431143D9713C
:10E76000D4E75B01C318402098338A01597881436C
:10E7700011435970CAE7F523A84AA6489168442274
:10E780005B00C35CC9B25A438218941CE17708321B
:10E79000D27F012A09D113325343C318D6330F2035
:10E7A0001A78024011431970B0E75B01C31898331F
:10E7B000F5E79A4B44229968F523964C5B00E05CA0
:10E7C000CDB24243A218531DDD770832D37F012B0F
:10E7D0000AD10322133343433020E318D0331140CE
:10E7E000DA7909018243B9E7431D5B01E318DD7063
:10E7F0008CE78A4B9A688A4B31331A7086E7F52288
:10E80000844B5200985CA73AFF3A42439A18083268
:10E81000D27F012A04D105213F20FCF72FFD75E7A7
:10E820001F2142019B1896331A780A407B491A70BF
:10E830008968012906D11F310A431A700021F5F7B2
:10E84000B1F863E70229F9D13E31F5E7F523714DBF
:10E850005B00EC5CA73BFF3B6343EB181A000832FC
:10E86000D27F012AD7D06A4A5278002A02D06B4A56
:10E870001269DA6244266643AE19F06A3221143016
:10E88000F3F76AFC32236401210058439C31F062A3
:10E8900069180722FFF766FCF5235B00E85CCDE70B
:10E8A000FFF776FC32E7FFF78FFD2FE7FFF716FE45
:10E8B0002CE75A4B9A685A4B9A7227E7574B9A683B
:10E8C000574B5A7222E7F522524B5200985C534A3A
:10E8D0009168442242439A180832D27FC9B2002A72
:10E8E00006D14F4AD172442250431B1831335AE7A4
:10E8F000142242439A18D5321170F4E7474B9A68B4
:10E90000474B1A7302E7454B9A68454B75E7434BF3
:10E910009A68434B5A70F9E6404B9A68404B3A3339
:10E920006BE73E4B9A683E4B9A70EFE63B4B9A681A
:10E930003B4B0133DA77E9E6384B9A68384B5A712A
:10E94000E4E6364B9A68364B1A72DFE6334B9A6828
:10E95000334BDA71DAE6314B9A68314B0233DA77AE
:10E96000FEF744FFD2E62D4B9A682D4B9A71CDE607
:10E970002A4B9A682A4BDA75C8E6F522254B5200D5
:10E980009C5C264A9068442262439A180832D27FDF
:10E99000C1B2002A07D1224AD173442254431B1921
:10E9A0000633D977B2E614220125082662439A1865
:10E9B000D0322840D579C000B5432843D071ECE768
:10E9C0000320164B16499A680B7F0240834313437A
:10E9D0000B779BE60322114B11499B680C201A40D0
:10E9E00092000B7FF2E70A4C6378102B01D91023B9
:10E9F00063700C4D102200212800F3F74FFD627860
:10EA0000054928007AE6054B9A68054B3C33F4E645
:10EA1000501300205811002056130020C43100204C
:10EA2000FA130020FA100020374B9A68374B1A71FE
:10EA30006CE6354B9A68354B5A7367E6324B9A68E9
:10EA4000324B9A7362E6304B9A68304B5A755DE6EA
:10EA50002D4B9A682D4B9A7558E62B4B9A682B4B89
:10EA60005A7753E6F5222A4B5200985C264A1169E0
:10EA70004422424340019A18C9B229321B1811702E
:10EA80009B3390E6204B9A68204B1A753EE61E4B4E
:10EA90009A681E4B5A7439E61B4B9A681B4B3233EB
:10EAA000ABE6194B9A68194B3333A6E6164B9A68B6
:10EAB000164B3433A1E6144B9A68144BDA7025E6F2
:10EAC000114B9868114BC0B229331870F8F728FD24
:10EAD0001CE60D4B9A680D4B2A331A70F8F71AFE94
:10EAE00014E6094B9A68094B1A740FE6064B9A68AC
:10EAF000064B303381E6FFF71BFD07E6FFF7D2F840
:10EB000001F090F802E6C046C4310020FA1300205C
:10EB1000581100200B4B10B59B680B49DCB2002844
:10EB20000BD10A4A88785B00D3189870C9783E32B6
:10EB3000D9701470FEF7ACF910BD4C70FEF716F9E1
:10EB4000FAE7C046C4310020B8310020B9130020D4
:10EB500010B5FEF74BFEF4F7FFF9124CA2782378BC
:10EB6000002A15D00022E078A2702283012B0CD15C
:10EB7000FFF754F8A37B072B01D1F8F76FFEFBF7E3
:10EB800003FA0520FBF73AFF08E0FEF765FEF1E720
:10EB9000012B04D1A37EE370FEF702F910BDFFF74D
:10EBA00081F8EEE7C431002010B5FEF71FFE314CAE
:10EBB000A278A37B002A33D0032B09D12E4B5B789C
:10EBC000002B09D0062B07D00020FBF717FF10BD44
:10EBD000022293430C2BF1D03E200621FCF74EFB82
:10EBE0002378E078012B15D1FFF794FF234B1B7896
:10EBF000012BECD10023224AA37013702383F4F776
:10EC0000ABF92378E078012B07D1FFF707F8FBF782
:10EC1000BBF9DCE7FFF71EFDE8E7FEF71DFEF6E7B0
:10EC20000521082B07D02278012A08D1154AA168AE
:10EC300091421BD107213F20FCF720FBC7E7072BA0
:10EC400005D1104BA2689A42F4D0F8F7C7FD012312
:10EC5000A370002323832361E373FBF795F921233A
:10EC6000E27806215343084A985CE5E7072BECD08D
:10EC7000EDE7C046C431002050130020741300207B
:10EC8000B8130020FFFF0000F51B0108094B10B569
:10EC90001B78012B0AD1084B9A8A002A06D11A78D0
:10ECA000012A04D19A7EDA70FEF77AF810BDFEF7D9
:10ECB000F9FFFBE774130020C4310020F8B507000A
:10ECC000FEF794FD474CA578002D0FD0A368A688C9
:10ECD0009BB2A07B02380C2870D8F3F71FFA151FDF
:10ECE000316F6F0A6F6F656F256F2B006678E37861
:10ECF000EFE7002D29D03800F9F712FD002808D0E1
:10ED00000020FBF77BFE04E0002D1ED03800FFF74B
:10ED100053F80F23E382FBF737F958E0002D14D0A6
:10ED20003800FFF791F8F4E7002D0ED03800FFF718
:10ED3000CBF8EEE7002D08D03800FFF705F9E8E73B
:10ED4000002D02D001250136B6B2E28A002A00D198
:10ED50002283228B002D00D00133934201D0002367
:10ED600023833800303887B2C0B2FBF7CDFF0A23C7
:10ED7000228B5343FB189BB2B34229D3BE421FD907
:10ED80002783002D26D0208B00281DD0013880B28B
:10ED9000A378002B23D12378C0B2E070012B1BD1C4
:10EDA000FEF73CFF0620ACE7002DCED000250E4A32
:10EDB000526BAA42C9D1013EB6B2C6E70025C4E7EC
:10EDC000002323839D4205D00020FBF717FEF8BDEA
:10EDD0002383D6E7208BDBE7FEF73EFDE2E7A0606A
:10EDE000E0E7C046C43100207413002010B5FEF7E0
:10EDF000FDFC00230A4A13839368002B0AD0D32B0F
:10EE000008D0692B07D8022069339360FBF7F6FD21
:10EE1000FBF7BAF810BD693B93600120F6E7C046E6
:10EE2000C431002010B5F8F719FDF4F795F801F09A
:10EE30003FFB0A4CE378A37600232383E382E3734A
:10EE4000074B2360FEF7D2FC0122064B1A70E078D4
:10EE5000FEF7E4FEFBF798F810BDC046C431002071
:10EE6000010200007413002010B5F8F7F7FCF4F766
:10EE700073F801F01DFB094B0D20DA789A76002219
:10EE80001A83DA82DA73064A1A600122054B1A7075
:10EE9000FEF7E2FCFFF788FE10BDC046C43100203B
:10EEA0000037000D74130020054B00209A78012ACA
:10EEB00004D1987B073843425841C0B27047C046DE
:10EEC000C431002010B50300202800D983E0F3F7F7
:10EED00025F98787828282821624476711111111D2
:10EEE00011111111111172758782828282848282BE
:10EEF000823355002633D8B2FFF7E0FE10BD3E4BFB
:10EF00009B7B072B06D13D4B1B78002B02D0F9F7DA
:10EF100079FBF3E7FFF748FEF0E7FFF7C5FF0128AD
:10EF200007D1F9F749FBFBF701F80120FBF766FD74
:10EF3000E4E7FEF7EDFEF8E7314B1A78002A03D13B
:10EF400001201870FBF75AFDFFF7AEFF012804D12E
:10EF5000F9F732FBFAF7EAFFD0E7FEF7D9FECDE783
:10EF6000FFF7A2FF012805D10020F9F725FBFAF7EA
:10EF7000DDFF01E0FEF7F8FE0220D7E7204B1A780C
:10EF8000002A04D1013202201A70FBF737FDFFF787
:10EF90008BFF012801D10020DAE7FEF7E5FEADE79F
:10EFA000154B9B7B072B03D1F9F718FC0028DED00B
:10EFB000FFF7CEFDA2E700F0D3F99FE70E4B9B7B56
:10EFC0000A2B02D1FFF712FF98E7FFF76DFF012828
:10EFD00001D1F9F785FA0020A8E7F4F725F88DE7C5
:10EFE000FEF74EFA03001D3BDBB2012B00D8FF20D9
:10EFF000FEF766FA82E7C046C43100200E1D0020ED
:10F000000B11002070B50020F3F7B4FF0325012297
:10F010000E4BDC7D1A761D7094420FD12000FCF758
:10F0200001FC2000F6F7C2FA2000FCF7ABFC084B0D
:10F030001D7001210420FAF74DF970BDF6F7C8F9EB
:10F04000F6F77CFE01F034FAF3E7C04674130020B3
:10F05000B813002010B50024094B1C701C76F5F77E
:10F06000C7F92000FCF78EFCF623064A5B00D05C53
:10F070002100FCF747FC044B1C70FAF747F810BD61
:10F080007413002058110020B813002010B5172861
:10F0900001D0212802D1FFF7DDFF10BD0020FBF7D2
:10F0A000ADFCFAE7030010B501208B4231D21820E5
:10F0B000184AFF309A1892B2824204D8AA2200203D
:10F0C000D200914225D9144A1089984205D8548912
:10F0D0009C4202D900208C421BD29089984205D8CC
:10F0E000D4899C4202D900208C4212D210889842C6
:10F0F00005D854889C4202D900208C4209D29488B9
:10F1000001209C4205D8D288934202D28A42804193
:10F11000404210BDC8FBFFFFB418002070B5174D6A
:10F12000698800291FD1F5264423154C7600A25D7D
:10F130005343E3180833D87F6B78012B14D101288F
:10F1400008D1F4F795FDFA235B00A15DE05AF9F7C9
:10F1500081FC02E01800F4F78FFA01F0E3F80123D4
:10F160002B70DB186B8070BD012802D1F4F7A0FD75
:10F17000E9E70120F4F7E8FAEFE7C046E0310020C4
:10F180005811002010B501F093F9F5231A4A5B00DD
:10F19000D15CA73BFF3B4B43D3180833DB7F012BEC
:10F1A00008D1EE33FF33D35C002B11D10720FBF7DE
:10F1B00025FC10BD114A938DD18D8B42F6D00A20CB
:10F1C0004143584389B280B2FFF76CFF0128EDD06C
:10F1D000F3F7C2FE04210122094B1970094B598033
:10F1E0001A705A70F9F7E8FE03211F20FCF746F861
:10F1F000FFF794FFDDE7C04658110020FA13002006
:10F2000074130020E03100200023074A10B513706A
:10F210005380064A1370064A1370F9F7CDFE062193
:10F220002020FCF72BF810BDE031002074130020E3
:10F23000B81300202A4B70B51A78042A13D1294C30
:10F240002078013804280ED8F2F768FF0321312B0B
:10F250003B00F6F7B5FE012823D1234A1378022B91
:10F2600002D80133137070BD204B9B7A012B0CD058
:10F27000002B06D0022BF6D105232370DB18638008
:10F28000F1E7022323703223F9E70323FAE7174B50
:10F290009B7A012B05D1F6F793FE012801D1322389
:10F2A0006380FFF73BFF00220F4B1A70DBE7F6F796
:10F2B00087FE0028E7D16388002BD4D10433237064
:10F2C000D1E700251D700A4B012128001D70257013
:10F2D0006580F4F7A5FC044B1D70F9F76DFEC2E7DD
:10F2E00074130020E03100201C110020FA130020CC
:10F2F000B813002070B508281DD007D8012822D9DE
:10F3000007280CD00020FBF779FB13E016281AD051
:10F310001D2801D00928F5D1FFF776FF0AE001206A
:10F320000E4C6070FBF76AFB00236380FFF7F6FE6C
:10F33000FAF70AF970BD0025084C02206570FBF74A
:10F340005DFB6580F2E7FEF79BF81D2802D02228BE
:10F3500000D0FF20FEF7B4F8ECE7C046E031002013
:10F3600010B501F0A5F8084C2378012B01D1FEF768
:10F3700099FCF3F7F1FD062301222370034B1A7069
:10F38000FAF758FF10BDC04674130020E431002086
:10F39000002210B5044B1A70F3F7DEFD01F088F877
:10F3A000F9F70AFE10BDC04674130020F8B5364BBD
:10F3B0001B78062B05D1354C2678012E02D0022E63
:10F3C00017D0F8BDF6F7FCFD314D002801D12870AB
:10F3D000F7E72B78042B02D801332B70F1E7F6F70F
:10F3E0000FFA3000FAF7F8FE00232B700233237077
:10F3F000E7E7F6F7E5FD264A002809D11378042B44
:10F4000002D801331370DCE7FAF7E6FE0123EEE7DA
:10F4100000251570F6F7F4FDA060A842D1D0F5F7ED
:10F420001FFE0700207101281BD1A36819481A4943
:10F430005843F2F791FE9623A0609B00984208D9AA
:10F4400000F086F92A000100A0603800FAF77AFE81
:10F4500005E02A0029002800FAF774FE257103232D
:10F46000C5E7A06800F048F9011E07D001220B4B48
:10F47000A0609B692273E3813000E7E7E08120739D
:10F480000200A168F8E7C04674130020E4310020B0
:10F490001D110020A086010099260300F8310020EC
:10F4A000F52370B53F49404C5B000A79E05CA73B0F
:10F4B000FF3B012A33D14343E31808338968DB7FDC
:10F4C00089B2002B07D14301E3181A009032118052
:10F4D000923319800AE014234343E3181D00D0350A
:10F4E000D733298069801978914319700021F4F786
:10F4F00059FAF52344225B00E05C4243A318083329
:10F50000DB7F012B4BD114214143F4333232C8311C
:10F51000FF33A2186118E05AF7F73CFA70BD022ACF
:10F52000E4D143430D7BE3180833DA7F012D19D171
:10F53000C989002A0AD1D229D8D84301E3181E006C
:10F54000993632789033AA433270C2E7D229CDD8A7
:10F5500014234343E3181E00D7363278D033AA432E
:10F560003270B6E7A02389681B064902490A19438D
:10F57000012A0AD114234343E3181D00D83529601A
:10F58000D73319780A431A70B0E7431D5B01E318BB
:10F5900059604301E318993319780122F2E7F7F72C
:10F5A000F3FABBE7E43100205811002010B5040045
:10F5B000082809D8072822D2012809D9062810D0FE
:10F5C0000020FBF71BFA19E009281FD01628F7D1F5
:10F5D0002000FDF755FF222800D0FF20FDF770FF27
:10F5E0000CE00C4B07201B78032BEAD1FFF758FFE8
:10F5F000FFF7CEFE21003E20FBF740FE10BD0020AD
:10F60000FAF7EAFD0122034B1A70F7E7FFF7C0FE95
:10F61000F4E7C046E431002010B5FEF743FB00F0EC
:10F6200047FF0020FCF7AEF90020F5F7BFFF0020F0
:10F63000FCF7F8F805218020002201240A4B400045
:10F6400019700A4B1A7018825977094BF9381A70D9
:10F65000084B1C70F5F70AFD21002000FCF752F959
:10F66000FAF7D2FE10BDC04674130020F831002016
:10F670006D130020F431002010B50F4C637C012B7A
:10F6800007D1002019006074FCF73CF900232370B7
:10F6900010BD002B04D10222012162741800F3E78F
:10F6A000022B04D10121013363740800ECE701202F
:10F6B00060740100E8E7C046F83100200A4B70B5DD
:10F6C0001A780500052A0ED100241C70074B043A55
:10F6D0001C70074B1A70F6F773F8A54203D0054B60
:10F6E0001C70F9F713FD70BD74130020B8130020CF
:10F6F0006D130020F4310020F7B580260024172771
:10F700004002430A0193F6030F4A6300D55A2800CA
:10F71000F5F722FC3B0001214200304200D00A43B1
:10F720005202500A019A824204D1084B01349C6172
:10F730002800FEBD013BDBB2002BEDD10134692C6A
:10F74000E2D11D00F4E7C04624170108F83100207B
:10F75000002210B543020A4C5B0A5100605AC11ADC
:10F76000984200D2191A092902D8064B986110BD97
:10F770000132332AF1D1034B986980B2F7E7C046D2
:10F78000BE160108F8310020AC4B70B51B78052B74
:10F7900020D1AB4C2078052800D94BE1F2F7D2FC00
:10F7A00006001B007A00C700CB002101A37F012BBC
:10F7B00008D10020FCF7E6F80020F5F7F7FE00205E
:10F7C000FCF730F80025A577F5F7F2FF0123257443
:10F7D0002577237070BDF6F703FC051EFAD0F5F708
:10F7E000EFFF237C5A1C0233D2B29B002274E550F7
:10F7F000012A4CD90023A2682374E368991A9A421B
:10F8000000D9D11A182942D8D318607C59086160F0
:10F8100003281AD8F2F782FC0D022530894A91425A
:10F8200001D99B086360884B62689A420DD8002317
:10F83000CFE7864A91420AD906211800F2F78CFCDC
:10F840006060834B62689A42F1D80223C1E7814A23
:10F85000914202D99B086360F3E77F4B9942F0D84D
:10F86000E5E7794A914203D99B0863607B4BE9E75E
:10F870007B4B9942FAD8DAE77A4A914203D99B083E
:10F880006360794BDEE7794B9942FAD8CFE7F5F719
:10F890008FFF9FE7764B9A79102A01D908229A7137
:10F8A0009E79744B6568985D73496843F2F754FC20
:10F8B000082E1DD9281A6060606819210D30F2F7F2
:10F8C0004BFC19235843637C6060022B17D0032B39
:10F8D0001DD0002B23D1694B98420BD9636060681F
:10F8E000F5F776FF032301202370FAF721FD71E776
:10F8F0002818E0E7624B9842F1D8624BEEE7624B82
:10F900009842EBD8564B9842E9D8514BE6E75F4B0B
:10F910009842E3D8554B9842E1D85D4BDEE7494B1E
:10F920009842DBD8484B9842D9D84F4BD6E70F23A3
:10F9300063820B3B4DE7F6F763FBA061002842D0E2
:10F94000F5F78EFB05002077012824D1A3695148E3
:10F9500051495843F2F700FCA061C820F3F7FAFAC6
:10F96000F6F71EF8002808D1002211001000FAF75F
:10F9700095FC0023237705232BE79623A0699B00A2
:10F980009842F1D9FFF7E4FE00220100A0612800AF
:10F99000FAF784FCEFE70121A069F5F727FCC820FE
:10F9A000F3F7D8FAF5F7FCFF0028DDD0A069FFF7E0
:10F9B000A3FE011E03D0012222750220E8E7207574
:10F9C0000200A169F9E7658A002D02D0013D658238
:10F9D00000E72A0029002800FAF760FCA5612577D6
:10F9E000C9E7F6F7EDFA01281FD1237F002B0FD0CE
:10F9F000F5F7D6FF00280BD100252800A577FBF7E7
:10FA0000C1FF2800F5F7D2FD2800FBF70BFFE1E668
:10FA1000A37F002B00D0DDE601252800A577F5F7B0
:10FA2000C5FD2800FBF7AEFFEEE7A37F012B00D05A
:10FA3000D0E6E1E70120FFF741FECBE6741300209A
:10FA4000F831002000751903FF596202FF502502AA
:10FA5000002D310140787D017F96980080C3C90157
:10FA6000FF2C31017F1D2C04005A62027FC3C901A3
:10FA7000C2040020AC16010880969800C0800901DD
:10FA8000FF84CF000085CF0080BA8C01C0175302DD
:10FA9000C00E1602A08601009926030010B51A2890
:10FAA00038D8F2F73BFB2F2F372937370E1818229B
:10FAB0003737373737373737373737292F373737EC
:10FAC0002200154B00201B78052B12D1FFF7F6FD05
:10FAD000FFF7CAF910BD104C2378022BFAD9002089
:10FAE000FAF726FC00232370F4E70120FFF7E6FD78
:10FAF0000520FAF783FFEDE7FFF7BEFD0020FAF7D8
:10FB000017FCE7E7FDF7BCFC222800D0FF20FDF73B
:10FB1000D7FCDFE70020ECE7F8310020044B10B5FC
:10FB20001A78082A03D100221A70F9F7EFFA10BDEB
:10FB3000741300200E4BDA78002A05D09A7801322F
:10FB4000D2B2632A01D89A70704700215A7899700E
:10FB50000132D2B23B2A01D85A70F5E71A785970AF
:10FB60000132D2B23B2A01D81A70EDE71970EBE7E7
:10FB700018320020054BDA78002A05D19A701A70E5
:10FB80005A700132DA7070470022FBE71832002009
:10FB90007FB51022002102A8F2F780FC0C4B1B78E5
:10FBA000082B12D10B4902A84B780A78897800916A
:10FBB000094900F0C3FD00230093103302AA190085
:10FBC0002320FAF78FFCF7F709FE07B000BDC04607
:10FBD0007413002018320020122A01087FB500217A
:10FBE000102202A8F2F75AFCF7F738FE0A4B0B492D
:10FBF0001B7A012B00D00A4902A800F0BFFD0023A8
:10FC000002AA0093142110331120FAF76BFCFFF7BE
:10FC1000BFFF07B000BDC046FA130020F629010857
:10FC2000052A010810B50020FBF7ACFE0020F5F70F
:10FC3000BDFC0020FBF7F6FD0022054B1A70DA70C0
:10FC40009A705A70034B08321A70FFF7C7FF10BD45
:10FC5000183200207413002010B5062810D009D8DF
:10FC600001280BD8FDF70CFC222800D0FF20FDF75F
:10FC700027FC07E0092806D01628F3D0002005E06D
:10FC8000FFF778FF10BDFFF749FF0520FAF7B6FE32
:10FC9000F8E70000002210B5064B1A70F4F752FD89
:10FCA000F6F7DAFBF6F77EFAFDF718FBFBF7D0FF65
:10FCB00010BDC0466F130020002210B5064B1A700D
:10FCC000FFF7B8FA00F0EAF900F016FCFFF760FF62
:10FCD000FBF702FE10BDC04672130020002210B5D3
:10FCE000094B1A70FFF750FDFFF760FBFEF7CEFFE0
:10FCF000FBF71EFDF3F766F9F3F764F9FBF7C2FDB6
:10FD0000F3F7FAF910BDC0466B130020002210B5BE
:10FD1000044B1A7000F01EFBF4F724FBF8F7A0F96F
:10FD200010BDC046B013002010B5754C23780C2BC5
:10FD300004D1FCF705FAFBF75BFA10BD0D2B02D1DD
:10FD4000FCF75AF9F7E76F4A6F4B12781878022AD6
:10FD50000DD15978F3F74EFA23780A2B01D1F4F735
:10FD600079FE23780B2BE8D1F5F702F8E5E7FF28B9
:10FD700024D0F6F79BFB654A03001278002A0CD0CA
:10FD8000012801D91628E7D11800FDF779FB2528AD
:10FD9000E2D10020FCF7E8FBDEE7207801380F28ED
:10FDA00000D9A9E0F2F7BAF97C888C9094989CA0CD
:10FDB000A4A8A8080F121C62FCF7C2F9FBF718FAF6
:10FDC000FCF7A6FFC8E7FCF717F9F7E7092B32D1D4
:10FDD0000F2305202370FAF711FEFCF7B1F8EDE7C9
:10FDE000092B07D1002305202370FAF707FEF9F746
:10FDF0008DF9E3E7072B09D1454A1378002B03D08F
:10FE0000013B13700620E6E70323FAE7082B07D12E
:10FE10003F4A1378022B01D80133F2E70023F0E7C1
:10FE2000062BCBD11800FAF7E9FD394B1B78002BD4
:10FE300004D10E332370FBF785FEBFE7012B04D1FD
:10FE40000C332370FCF768F8B8E7022B04D10A33AF
:10FE50002370FBF7A7FFB1E7032BAFD100220D33CF
:10FE600023702C4B1A70FCF70BFAA7E7092BAFD0C5
:10FE7000072B0BD1274A1378002B05D0013B062016
:10FE80001370FAF7BBFDEEE71323F8E7082B95D1C3
:10FE9000204A1378122B01D80133F0E70023EEE754
:10FEA0001D2B05D1103B06202370FAF7A7FDC9E7EB
:10FEB0001800FFF707F881E71800FDF765FA7DE7FE
:10FEC0001800FFF7E3F879E71800FFF713FA75E772
:10FED0001800FFF7E3FD71E71800FFF767FB6DE718
:10FEE000180000F035F969E71800FFF7B5FE65E77F
:10FEF0001800FCF739FC61E71800FDF703FC5DE72B
:10FF0000741300206D130020A6180020F02F00208D
:10FF10001511002014110020064A8000064B82585B
:10FF200010B51A6000221A71044A12689361F5F73D
:10FF3000ABFD10BD282A01081C32002054110020FE
:10FF400070B50A4C0500363420780A210130F2F7EA
:10FF500073FA0022064B21701A70FAF771FA002D1D
:10FF600002D10120FAF74AFD70BDC046FA13002005
:10FF7000B813002010B50A4B040036331A78002A53
:10FF80000CD0013A1A700022064B1A70FAF758FA90
:10FF9000002C02D10120FAF731FD10BD0922F1E752
:10FFA000FA130020B813002010B500F081FA0D4CB0
:10FFB0002378012B01D1FDF775FEF2F7CDFF0A4B37
:10FFC00036331A78092A01D900221A700723002231
:10FFD0002370064B1A70FAF773FA06214020FBF7DC
:10FFE0004DF910BD74130020FA130020B81300203F
:10FFF0000A4B10B51A78072A0ED1094A1268926185
:020000040801F1
:1000000000221A70F2F7A8FF00F052FAF8F7D4FFB6
:1000100005214120FBF732F910BDC04674130020C2
:100020005411002010B500F043FAF2F795FF0421B7
:100030000122044B1F20598001391A705A70FBF7B6
:100040001DF910BDE0310020002310B5054A1370E2
:100050005380054A1370FAF7F3F906212020FBF7C5
:100060000DF910BDE0310020B813002010B50A4C86
:100070006388002B0AD16078012808D1FFF760FF60
:1000800000F050F901232370DB18638010BD0120BC
:10009000FFF770FFF4E7C046E0310020274B10B5B2
:1000A0001B78072B1CD1264C20780138042817D840
:1000B000F2F734F80322322C3C00F5F781FF0128D7
:1000C00024D1204A1378022B02D80133137007E0A1
:1000D0001D4B9B7A012B08D0002B02D0022B06D09F
:1000E00010BD02232370322304E00323FAE7052323
:1000F0002370DB186380F3E7134B9B7A012B05D148
:10010000F5F75EFF012801D132236380FFF7AEFFD0
:1001100000220C4B1A70E3E7F5F752FF0028E2D1FA
:100120006388002BDCD104332370D9E70023074A0E
:10013000237013706380034AC8E7C046741300201D
:10014000E03100201E110020FA130020B813002017
:1001500070B5092841D00CD807281ED02FD8012807
:100160000CD8FDF78DF9222800D0FF20FDF7A8F963
:1001700019E01B2817D005D81628F2D00020FAF76E
:100180003DFC10E01C2828D01D28F7D1164B1B7809
:10019000002B25D1FFF746FF05E0134C20780028FF
:1001A00002D1FFF7CDFE70BD01206070FAF726FC8A
:1001B00000236380FFF75AFFF9F7C6F9F3E70A4C0B
:1001C0002078002802D1FFF7D5FEECE700250120BA
:1001D0006570FAF713FC6580ECE7FFF709FFE2E7CB
:1001E000FFF732FFDFE7C046E031002005220020A4
:1001F000024B5B789A4240417047C0462C32002047
:1002000013B50D4B04005A780323062A04D8131C97
:10021000042A00D90423DBB20020084A01909B0085
:100220009B586C21009311220723FAF709FA002C3E
:1002300001D0F7F7A5FA13BD2C3200206C0800207E
:1002400007B50D4B1A78002A0BD000226C211A70CA
:100250000120009207231132F7F7FAF9F7F790FA25
:1002600007BD01201870054B01920093112207234E
:100270006C21FAF7E5F9F1E71F110020B31101082D
:1002800010B5FBF7AFF9FBF7ADF9144B9A7A18707C
:10029000824202D207225A7010BD5A7A824201D29B
:1002A0000322F8E71A7A824201D20222F3E7DA79CE
:1002B000824201D20122EEE79A79824201D20022E3
:1002C000E9E75A79824201D20422E4E71A798242AC
:1002D00001D90622DFE70522DDE7C0462C320020E7
:1002E00070B50D4D0B2200212800F2F7D7F8F2204F
:1002F0000A4C072221000002F6F741F92B79013B55
:10030000DBB2FD2B04D907220549200000F00CFACE
:10031000FFF7B6FF70BDC0462C32002030320020FF
:10032000502A010810B5084C2378012B01D1F5F7AC
:100330004FF83222054B1B7C5343054A53836423F9
:1003400063800023237010BD28320020FA130020A0
:100350007413002070B51B4B1B78022B27D01A4B4F
:100360001B78002B23D1194B1B78022B1FD0184C64
:100370006578FAF737FF002819D1FFF781FF637816
:100380005A1F012A18D8E07814210130F2F754F8E6
:10039000E170FFF755FFE378002B08D10D4BDB79B7
:1003A000002B05D1FFF7BEFF0820FAF727FB70BD31
:1003B0003120FAF7F3FEFAE7AB42F8D00120FFF75D
:1003C0001FFFF4E76D130020F02F0020B81300206A
:1003D0002C320020FA130020014B18787047C046D9
:1003E00028320020184B70B51B78002B1ED1174BFC
:1003F0001B78042B1AD0164B5B78002B16D0154BAC
:100400005C88002C12D1F62213491D785200885CBA
:10041000012D0CD1EA3AFF3A29001C705A80FBF7F3
:1004200071FAF4F7D5FF2800F5F714F870BD012232
:1004300021001A7007325A80FBF764FA2000F5F7A2
:1004400009F8F4F7B9FFF1E7F02F0020741300204A
:10045000FA1300202832002058110020F523084A02
:100460005B00D15CA73BFF3B4B4306489B180360F6
:10047000EC23FF33D1540022034B1A707047C0465F
:10048000581100205411002037320020054B1979F3
:10049000012906D1044B1A78002A02D1034B597066
:1004A000DA707047FA130020F02F00203732002056
:1004B00010B50B4C2378012B01D10023E370FFF71B
:1004C000CDFFF523074A5B00D35CF8335B00995AF4
:1004D000FA235B00D1520023034A6370137010BDEE
:1004E0003732002058110020B81300206422014B3D
:1004F0009A70704737320020F8B5174C6378002B9C
:1005000023D0A378002B20D1FCF77CFB071E1CD145
:100510006423124EA3703578012D16D1FFF75CFFCE
:10052000012812D0F522EC210D4B207852009A5C64
:10053000FF3101280AD127705A544422595C4A439A
:100540009B18084A136000233370F8BD01322570F0
:1005500015405D54F1E7C04637320020B813002043
:1005600058110020541100200A4B10B5187F0C239D
:100570001840042802D1FAF741FA10BD082803D127
:100580001430FAF76DFEF8E796204000F2F7E2FC2F
:10059000F3E7C046FA13002013B5FBF791F8F2F722
:1005A00095FEF9F77BFDF5F7B9FAF2F747FFFFF78C
:1005B000DBFFFFF795FEF7F7FDFAF5F753FE12287C
:1005C00001D1F8F7C3FFF5F74DFE012826D100242D
:1005D0000530FAF713FA210020000094402380220E
:1005E000F7F736F8009410232B4A0C210F20F9F767
:1005F00079FF0C230094294A19002320F9F772FF90
:10060000C8340A20F2F7A6FCF5F72CFE03283ED1E9
:100610000C22234B01301A70FAF7F0F9F3F7EAFBDA
:10062000FFF780FEF2F798FCF4F7A8F8FBF73AF929
:1006300001221C4B1A7000231B4A13701B4A1370B3
:100640001B4A1370164A11780C2900D01370FF2230
:10065000184B1A70184B1B78002B01D0FFF71AFBB0
:10066000164B1B78002B01D0FFF726FB144B1B7891
:10067000002B01D0FFF732FB124B1B78002B01D06F
:10068000FFF744FBFFF750FBFBF7FAFEE2E7013C04
:10069000A4B2002CB5D1C1E7572A0108632A01088A
:1006A000741300206D1300206A130020B81300207B
:1006B000E0310020A61800206F13002072130020E4
:1006C0006B130020B013002010B50A22002100F0A7
:1006D00005F910BD10B50A22002100F0FFF810BD89
:1006E000EC300068704782B0002900D101A9101ECB
:1006F00006D0002B06D013780B601078431E98416B
:1007000002B0704702204042FAE730B50024A2420E
:1007100001D1002005E0035D651C0C5DA34201D002
:10072000181B30BD2C00F2E7002310B59A4200D10F
:1007300010BDCC5CC4540133F8E700000EB400B522
:100740000B499CB01DAB029006900791049109489B
:10075000094904CB0591006802A9019300F040F912
:100760000023029A13701CB008BC03B01847C0469F
:10077000FFFFFF7F000000200802FFFF03000A7850
:1007800001311A700133002AF9D17047002330B5C6
:100790009A420AD0013AC45CCD5CAC4204D1934287
:1007A00002D00133002CF6D1631B180030BD30B5E8
:1007B0000500002A00D130BD0C78013A6B1C2C706A
:1007C0000131002C05D19A189A42F4D01C700133E3
:1007D000FAE71D00EDE70000F0B51F000E0087B03E
:1007E0000590019102920C983478FFF779FF082266
:1007F00000194378751C134036D12D2C36D1B51C09
:1008000074780126002F62D0102F09D1302C07D127
:1008100020222B789343582B54D110276C78023523
:100820002D4B3900F31818000393F1F71BFD0491C9
:1008300001210023494202008C4618002100303972
:1008400009291AD80C00A74223DD591C09D0634698
:10085000824206D302D10499A14202DB01237843EC
:1008600020182C780135E9E72E00BCE72B2C01D0AD
:100870001E00C7E7B51C7478FAE721004139192931
:1008800001D8373CDFE721006139192901D8573CED
:10089000D9E75A1C08D1059A23331360029B0398A9
:1008A000002B09D107B0F0BD002E00D04042029AC3
:1008B000002AF7D0002B01D06B1E0193029B019AF6
:1008C0001A60EFE73024002FAAD10827A8E7302CC0
:1008D0009ED00A27A4E7C046FFFFFF7F37B513006D
:1008E000064A05001068046A002C00D1044C0A0076
:1008F00000942900FFF770FF3EBDC04600000020B5
:10090000800800200B1E04D0FF2A04D98A2303602C
:100910008B3B180070470A700123FAE7F0B58E6828
:1009200085B007000C00039201939E423CD89023AF
:100930008A89DB001A4234D00325096923685B1ACF
:100940000293636902985D43EB0F5D19019B6D1083
:1009500001331B18AB4200D91D00530532D52900C5
:10096000380000F019FB061E09D10C233B60402320
:100970000120A28940421343A38105B0F0BD029A31
:100980002169FFF7D1FEA389144A1A40802313433B
:10099000A381029B2661F61826606561019EED1A0F
:1009A000A560019B9E4200D9019E320003992068F8
:1009B00000F095FAA36800209B1BA36023689E1992
:1009C0002660DAE72A00380000F044FB061EE0D17A
:1009D0002169380000F096FAC7E7C0467FFBFFFFA9
:1009E000F0B59FB0029005938B890F0016001B068F
:1009F00011D50B69002B0ED1402100F0CDFA3860E3
:100A00003861002805D10C23029A013813601FB009
:100A1000F0BD40237B61002306AC63612033637625
:100A20001033A37635002B78002B01D0252B46D12F
:100A3000AB1B04930CD0320039000298FFF76EFF15
:100A4000431C00D1AEE06269049B94466344636139
:100A50002B78002B00D1A5E00122002352426260D6
:100A600002A9543252186E1C2360E360A360137015
:100A7000A36531780522544800F026FA751C002839
:100A80001FD12268D30604D5532302A95B18202165
:100A90001970130704D5532302A95B182B21197071
:100AA00033782A2B16D0350000210A20E3682A78F3
:100AB0006E1C303A092A4ED9002918D010E00135B1
:100AC000B1E7414B2268C01A0123834013432360DE
:100AD0002E00CEE7059B191D1B680591002B01DB3D
:100AE000099304E05B42E3600223134323602B7805
:100AF0002E2B0AD16B782A2B35D1059B02351A1D76
:100B00001B680592002B2BDB0793304E29780322BC
:100B1000300000F0D9F9002806D04023801B834024
:100B200022680135134323602978062228486E1C69
:100B3000217600F0C9F900283CD0264B002B25D1A6
:100B40000722059B07339343083305936369039A90
:100B50009B18636166E7434301219B183500A6E7B4
:100B600001235B42D0E700230A201A0001356360AD
:100B700029786E1C3039092903D9002BC5D007927A
:100B8000C3E74243012352183500F1E705AB009358
:100B90003A00114B2100029800E000BF0390039B34
:100BA0000133D3D1BB890B985B0600D42FE701201A
:100BB00040422CE705AB00933A00074B2100029816
:100BC00000F07AF8EAE7C046802B0108862B01087E
:100BD0008A2B0108000000001D090108F7B5150067
:100BE00001938A680B6900900C00934200DA1300AD
:100BF00022002B6043321278002A01D001332B608F
:100C000023689B0602D52B6802332B6006272368D6
:100C10001F4027D0230043331B785A1E934122687C
:100C2000920630D42200019943320098089EB047C2
:100C3000431C25D0062320682A68E168034000256C
:100C4000042B03D18D1AEB43DB171D40A3682269E7
:100C5000934201DD9B1AED180027BD4220D10020F0
:100C600010E00137E3682A689B1ABB42D2DD2200FC
:100C70000123193201990098089EB047431CF0D116
:100C800001204042FEBD3020E118433108702100B0
:100C90005A1C45310978A218433202331170C1E75A
:100CA000220001231A3201990098089EB047431C84
:100CB000E6D00137D1E70000F0B589B004920A0010
:100CC00043320593039002920A7E0C000E9B6E2A1B
:100CD00000D186E01FD8632A33D008D8002A00D17B
:100CE0008CE0582A4DD0250042352A7030E0642A25
:100CF00001D0692AF7D1196825680A1D280629D567
:100D000008681A60002803DA2D23029A4042137003
:100D10006B4E0A274FE0732A74D008D86F2A1FD071
:100D2000702AE0D1202209680A43226003E0752A74
:100D300016D0782AD7D12200782145321170614E21
:100D400022E025001A684235111D196013682B70C6
:100D5000012365E008681A606906D3D500B2D1E7BF
:100D600019682568081D186008682E0605D5544EB8
:100D700008276F2A1BD00A2719E06D06F7D580B225
:100D8000F5E745314E4E0A7018682268011D00686B
:100D90001960150621D5D30702D520231A432260F6
:100DA0001027002803D1202322689A4322602300C1
:100DB000002243331A706368A360002B58DB0422BF
:100DC000216891432160002854D1029D002B5AD004
:100DD0002500337842352B7055E05506DBD580B2BF
:100DE000D9E71A680D68101D4969186013682E0646
:100DF00001D5196002E06D06FBD519800023029D24
:100E000023614FE01A68111D19601568002162689E
:100E1000280000F059F8002801D0401B606063688A
:100E200023610023029A13703CE023692A0004998D
:100E30000398059DA847431C3ED023689B0715D403
:100E4000079BE068984239DA180037E02200012356
:100E5000193204990398059EB047431C2CD00135E4
:100E6000E368079A9B1AAB42F0DCE9E70025F7E755
:100E70000028ADD0029D3900F1F7F4F9735C013D13
:100E80002B700028F7D1082F09D12368DB0706D57E
:100E900063682269934202DC3023013D2B70029B80
:100EA0005B1B2361059B07AA00932100049B039809
:100EB000FFF794FE431CB8D10120404209B0F0BDB9
:100EC000912B0108A22B0108C9B28218904201D1CE
:100ED0000020704703788B42FBD00130F6E710B555
:100EE000884202D98B18984203D3002307E08B5C19
:100EF0008354013AFBD210BDCC5CC45401339A42F6
:100F0000FAD1F8E770B50500002910D00C1F23684E
:100F1000002B00DAE418280000F0D4F81D4A13680A
:100F2000002B05D163601460280000F0CCF870BD80
:100F3000A34209D9216860188342F3D118685B681D
:100F400041182160EEE713005A68002A01D0A2423E
:100F5000F9D919685818A0420BD1206809185818F7
:100F600019608242E0D110685268411819605A60D5
:100F7000DAE7A04202D90C232B60D5E7216860187C
:100F8000824203D1106852684118216062605C603F
:100F9000CAE7C04620110020032370B5CD1C9D4335
:100FA000083506000C2D1ED20C25A9421DD8300094
:100FB00000F088F8254A14682100002919D1244C32
:100FC0002368002B03D1300000F06AF8206029006C
:100FD000300000F065F8431C2BD10C233000336047
:100FE00000F071F803E0002DDFDA0C2333600020FD
:100FF00070BD0B685B1B19D40B2B03D90B60CC188D
:10100000256003E04B688C420DD11360300000F086
:101010005AF8200007220B30231D9043C31AE7D053
:101020005A42E250E4E763600C00EFE70C004968C5
:10103000C3E70323C41C9C43A042E1D0211A300023
:1010400000F02EF8431CDBD1C7E7C046201100207A
:1010500024110020F8B507000D001600002905D165
:101060001100FFF799FF04002000F8BD002A03D10A
:10107000FFF748FF3400F7E700F026F82C00B042F5
:10108000F2D231003800FFF787FF041EECD02900B0
:101090003200FFF749FB29003800FFF733FFE3E791
:1010A000002370B5064C05000800236000F014F81A
:1010B000431C03D12368002B00D02B6070BDC046B9
:1010C00040320020704770470B1F1B68181F002B11
:1010D00001DA0B58C0187047044A1368002B00D17E
:1010E000034B1818106018007047C04628110020E4
:1010F00048320020F8B5C046F8BC08BC9E46704790
:0C110000F8B5C046F8BC08BC9E4670471D
:10110C0004B6D93788838EE2EC66E4AEDBC38F1568
:10111C00A7199F49D482E5FA961AC0C930313233E7
:10112C00343536373839414243442A232053454518
:10113C004B2E2E2E2020000000000000E428010879
:10114C00F2280108012901081029010808000020D3
:10115C007E09090909097E007F02040804027F1830
:10116C00187E7E7E18187F7F3E3E1C1C087F7F3EBB
:10117C003E1C1C083E227F415D5D41414141414185
:10118C0041414141633E227F415D5D415D5D414195
:10119C004141414141633E227F415D5D415D5D4185
:1011AC005D5D41414141633E227F414141414141AD
:1011BC0041414141414141633E227F415D5D415D81
:1011CC005D415D5D415D5D41630000003E4141411B
:1011DC00220001017F01010000000030603F01028C
:1011EC00007F4141413E003E414141220026494998
:1011FC0049327F4141413E007F2018207F7F090901
:10120C00090901017C4645454545467C0183C66C70
:10121C0038100101000000007F02040810207F7FBD
:10122C00080808087F7F4040404040E020202020F4
:10123C0020202020202020202020202020202020A2
:10124C002EEE0EC6C6C6C6C6C6FEFEFF00000015B4
:10125C0015151515151414101000000000000000D1
:10126C0000FF00D8D8D8D8D8D8FFFF07040404044E
:10127C000404C4C4E4FCC4FCE4C4C4040444A404D2
:10128C00F4F7F0FFF1B5F1FFFEFFFF00007C6C54AA
:10129C006C546C546C546C546C546C546E556C7C17
:1012AC0000007058700000000000007F41413E00BB
:1012BC0001017F0101007F020C027F007F090901FF
:1012CC007F090909192946018244281001000000F0
:1012DC00002649494932003E41414122007F09190B
:1012EC00294603057F050360600000000000000034
:1012FC00000000000000000003057F050360600093
:10130C0070700078780000000000000000000305F9
:10131C007F05036060007070007878007C7C007E34
:10132C007E00000003057F050300000000000000A4
:10133C000000000000000000000003057F050360B2
:10134C0060007070007878007C7C007E7E007F7F6F
:10135C007F09090919294600632214081422630124
:10136C0001017F0101010063221408142263181883
:10137C0018181818180101017F010101030C3040E5
:10138C00300C03003E41414141413E0063221408B0
:10139C0014226300000000000000000000000000A8
:1013AC00001038787080C0C0606F6F66C0C080203D
:1013BC007038100000000080C0C0E0381C0E06031E
:1013CC0003030303030707071D38E0808080808038
:1013DC00C3FF3C00181818FCFF03010000000000BC
:1013EC0000000000000000000000000001010101ED
:1013FC000103030EFCF00000000003070E0C18188C
:10140C001818181818181818181818181818181850
:10141C001818180C0E070300000000F0FCFE0F0358
:10142C000303030FFEFCF801070F1E181818181EF3
:10143C000F07030000000C0CFFFFFF000000000072
:10144C00000000001F1F1F00000000040E0E078389
:10145C0083C3C3FF7E3C001C1E1F1F1B19191918C8
:10146C00181800040606676363636373FEFE9C0C26
:10147C000C0C1C181818181C0F0F070080C0E070FB
:10148C00381C0EFFFFFF0007070707060606061F9E
:10149C001F1F063F3F333333333373F3E3C300066D
:1014AC000C1C181818181C1E0F0700F0FCFECE6739
:1014BC00636363E3E7CE8C03070F1C181818181C22
:1014CC000C0F07030303030303C3E3FB3F0F0700E6
:1014DC000010181E1F07010000000080DEFEF763DD
:1014EC00636363F7FEDE80070F0F1C181818181CB7
:1014FC000F0F077CFEEEC783838383C7EEFCF804D3
:10150C000C1D191919191D0C0F0701000000000002
:10151C0000001818180000FCFEFF07030303030764
:10152C00061E1C070F1F1C181818181C0C0F07FF81
:10153C00FFFFE0E0E0E0E0E0FFFFFF1F1F1F000007
:10154C00000000001F1F1F00E0E0E0E0E0E0E0E032
:10155C00E0E0000000000000000000000000003E81
:10156C00414141413E0000427F4000625151494996
:10157C0046224149494D32181412117F1027454516
:10158C004545393E49494949300001710905033641
:10159C00494949493646494949291E7F09090909DA
:1015AC0001010808080808087F02041804027F3E9D
:1015BC0041414141413E000030300000030C3040BD
:1015CC00300C037F343E48545F6A757D848C00195F
:1015DC00324B640019324B19253036640000FA0086
:1015EC00F4017102E803E204D007C4098813102740
:1015FC0087807C78655E5A566C65615D554E4A47AE
:10160C0084807C785005CC06A00FC0129808F6098F
:10161C00A005C805AC08CA0868109411A005C80537
:10162C00CC109411CC109411A005B405CC10301131
:10163C00CC1030115005CC06A00FC012A00FC01258
:10164C00A005C805CC103011CC10301150524F47AA
:10165C0052414D42462D4B3650524F550055564B2C
:10166C0036001CE622DF2DD435CC02FAFAFCF0FE53
:10167C00908F468FD88E8F8DC1910B925A93F331E8
:10168C00E7313232593340301030FF2E0000000168
:10169C00000200030006000817850E77907A0E8171
:1016AC0028231E19140F0A0500050A0F14191E23EE
:1016BC00280076029E02B502CF02E80202031D0347
:1016CC003903560375039303B403CE03E8030B04E9
:1016DC00300455047C04A404CE04F90426055505F5
:1016EC008505B605EA051F063E06560677068F06E3
:1016FC00B106CA06ED0607072B0746076B078807D6
:10170C00AE07CB07F30711083B088508D108F3088F
:10171C0020097209C709ED091300150016001900FC
:10172C001A001E002300270029002B002C00350076
:10173C0039003A003B003C004C004D004E0052007A
:10174C00550059005A005C00630065006A006D008A
:10175C006E00720075007A007C0085008A00930090
:10176C0095009600A300A400A500A600A900AA005D
:10177C00AD00B100B300B500B600B900BC00C600A6
:10178C00C900CD00D500D900DA00E300E600E9007D
:10179C00EE00F400F500F90009010A010B01130138
:1017AC0019011A01250126012A012C012D013201F2
:1017BC00340135013601430146014E0153015601F6
:1017CC005A016601750186018A01940197019901FC
:1017DC009A01A501AC01B201B401C301CA01D30144
:1017EC00D901DA01DC01E301EC01161718191AFF13
:1017FC00FFFFFF1A1CFFFFFFFFFFFFFF1EFF1B1D5C
:10180C00FF00FF01111215130E0F0A100B0C140D13
:10181C00060709080203FF04110E100E010E110A2F
:10182C001106110C00000100100000040008000259
:10183C00002549140025491400254514002545149C
:10184C00002551140025511400255514002555145C
:10185C0000855914008559140025024300250243C4
:10186C000025124300251243002522430025224364
:10187C0000253243002532430025424300254243D4
:10188C000025524300255243002562430025624344
:10189C0000257243002572430025824300258243B4
:1018AC000025924300259243007599430075994396
:1018BC000025154300251543002525430025254308
:1018CC000025354300253543002545430025454378
:1018DC0000255543002555430800080001FFFFFF74
:1018EC00010203FFFF00000303FFFFFFFFFFFFFFE9
:1018FC0003010003010801010000010005010100C2
:10190C0000000100010505000100110000020000AB
:10191C000500000000000000000300009001D6014B
:10192C000000010506000001FF0000FF00000000A0
:10193C000403050602050000000000000000000082
:10194C00000001000000000000000000000000008A
:10195C000104050502050000000000000000000065
:10196C00000000000000000000000000000000006B
:10197C00FEFCF8F0E0C080000101360174010400A7
:10198C0006000102000260000003500390000000FA
:10199C00202020E5AF86E7A081E99499E8AFAF203D
:1019AC0020200050617373776F7264204572726FE0
:1019BC007200E8AFB7E8BE93E585A5E5BC80E69C70
:1019CC00BAE5AF86E7A08100496E7075742050614E
:1019DC007373776F7264002D2D2D2D2D2D2D2D2DC4
:1019EC002D2D2D2D2D2D0025642E256430300053EA
:1019FC0045454B2E2E2E0025732025730061646700
:101A0C006A6D7074770000007E1A01089E2301082D
:101A1C00581B0108961B01088A2601089A1A01080E
:101A2C009F1A0108A51A0108AA1A0108B01A010880
:101A3C00741A0108761A0108781A0108801A01082C
:101A4C00881A01088D1A0108921A0108971A0108C0
:101A5C009C1A0108A11A0108A71A0108AC1A01085E
:101A6C00B21A0108B71A01082A00230028292F5C92
:101A7C00232030002E2C3F21273A310041424332A3
:101A8C0000444546330047484934004A4B4C350026
:101A9C004D4E4F3600505152533700545556380066
:101AAC005758595A39004024252600203D2B2D5FCC
:101ABC000000000000840800108408002084080046
:101ACC0090870800A0890800008C0800908F0800FF
:101ADC0050920800409708007098080001013721C7
:101AEC0026392C4F134A202020E69CAAE591BDE50F
:101AFC00908D202020002020204E6F204E616D659F
:101B0C002020002043482D2530336400202020560F
:101B1C00464F20422020200020202056464F2041B6
:101B2C002020200056464F004D25336400253033CD
:101B3C00642E253035640050726F6772616D2E2EE5
:101B4C002E0025734E52460056302E32320056452A
:101B5C00523A25730042460046434300494300492C
:101B6C004E4400434E000000E3230108E723010824
:101B7C00941B0108EB23010825642E2530356400E5
:101B8C0025642E2530346400313233002530336423
:101B9C002D2530336400252D2A2E2A730025642E22
:101BAC002564487A000D2000464D204D454D434894
:101BBC0000000000000000004D454D2043414E4107
:101BCC004C20464D0000000000464D2042414E4442
:101BDC0000000000000000000042414E444120463D
:101BEC004D00000000000000000043484C204E61F6
:101BFC006D6500000000000000004E4F4D20434179
:101C0C004E414C000000000000000052582046726B
:101C1C00657175656E637900000000465245512070
:101C2C0052454300000000000000000054582046BC
:101C3C0072657175656E63790000000046524551FE
:101C4C00205452414E5300000000000021522D43FD
:101C5C0054435353000000000000000000522D4379
:101C6C005443535300000000000000000022522D8A
:101C7C004443530000000000000000000000522DFF
:101C8C0044435300000000000000000000002154F9
:101C9C002D43544353530000000000000000005437
:101CAC002D43544353530000000000000000002259
:101CBC00542D4443530000000000000000000000BD
:101CCC00542D4443530000000000000000000000AD
:101CDC003742616E6457696474680000000000004C
:101CEC0000414E43484F2042414E44410000000009
:101CFC0000235458500000000000000000000000B9
:101D0C000000504F54454E434941205458000000A8
:101D1C0000000053696C656E6365204D6F6465004F
:101D2C0000000053494C454E43494F000000000051
:101D3C0000000000545820466F7262696400000075
:101D4C0000000000424C4F5155454F2054580000A4
:101D5C00000000002C53686966742044495200004E
:101D6C000000000000444952204445535600000036
:101D7C0000000000002D4F46465345540000000063
:101D8C0000000000000044455356494143494F4E62
:101D9C00000000000000254D454D434800000000A8
:101DAC00000000000000004D454D2043414E414CC9
:101DBC00000000000000002644454C434800000091
:101DCC000000000000000000424F525241522043DC
:101DDC00414E414C000000000056464F20467265B3
:101DEC007152616E670000000052414E474F205601
:101DFC00464F00000000000000005363616E204D50
:101E0C006F6465000000000000004D444F204553F6
:101E1C0043414E000000000000000044544D465366
:101E2C00540000000000000000000044544D4653D4
:101E3C00540000000000000000000000505454202A
:101E4C0049440000000000000000000050545420E1
:101E5C0049440000000000000000000000505454F1
:101E6C002D4C5400000000000000000000524554AE
:101E7C004152444F2050545400000000002853712C
:101E8C0075656C6368000000000000000000534999
:101E9C004C454E434941444F52000000000024522F
:101EAC0058205361766500000000000000000041DE
:101EBC00484F52524F205258000000000000002B97
:101ECC00564F582053776974636800000000000077
:101EDC00564F5800000000000000000000000000F9
:101EEC0000564F58204C6576656C000000000000D1
:101EFC00004E4956454C20564F580000000000003B
:101F0C000000564F582044656C61790000000000B9
:101F1C0000005245544152444F20564F5800000087
:101F2C000000295458204F5665722054696D650085
:101F3C000000004C494D4954452054580000000005
:101F4C00000000344C616E6775616765000000002D
:101F5C00000000004944494F4D41000000000000C2
:101F6C000000000000564F494345000000000000EF
:101F7C000000000000564F5A2050414E5400000003
:101F8C000000000000004D656E752048616E6754BE
:101F9C00696D650000005045524D204D454E550071
:101FAC000000000000003B424545502050524F4D70
:101FBC005054000000000042454550205445434C0D
:101FCC0041444F0000000000526F6765722042656B
:101FDC0065700000000000004245455020524F47FC
:101FEC00455200000000000000504F574552204F52
:101FFC004E20545950450000004D4F444F20454E43
:10200C0043000000000000000000506F7765722054
:10201C004F6E20546F6E65000000544F4E4F20459C
:10202C004E43000000000000000000506F77657206
:10203C00206F6E204D5347000000004D5347204544
:10204C004E4300000000000000000000504F5745B8
:10205C0052204F4E20505744000000005041535323
:10206C0020454E430000000000000000364475611E
:10207C006C205761746368000000000000444F42FC
:10208C004C452045534355000000000000004D44D2
:10209C00462D4100000000000000000000005041EF
:1020AC004E54204100000000000000000000004DD4
:1020BC0044462D42000000000000000000000050CB
:1020CC00414E5420420000000000000000000000BF
:1020DC0052502D5354450000000000000000000039
:1020EC0052502D5354450000000000000000000029
:1020FC00005250542D524C00000000000000000013
:10210C00005250542D524C00000000000000000002
:10211C000000414C4552540000000000000000003B
:10212C000000414C455254410000000000000000EA
:10213C000000274672657120537465700000000022
:10214C000000005041534F20465245510000000002
:10215C000000003A42757379204C6F636B6F757495
:10216C0000000000424C4F51204F435550000000DE
:10217C0000000000005369646520546F6E65000018
:10218C000000000000544F4E4F204C41544552412A
:10219C004C0000000000416C61726D204D6F646555
:1021AC000000000000004D4F444F20414C41524D67
:1021BC00410000000000005046310000000000000B
:1021CC00000000000000005445434C4120504631B3
:1021DC000000000000000000504631204C4F4E47DC
:1021EC002050524553530000504631204C41524729
:1021FC004F000000000000000050463200000000BC
:10220C000000000000000000005445434C412050E9
:10221C004632000000000000000041425200000065
:10222C00000000000000000000004C554D20504103
:10223C004E54000000000000000000427269676804
:10224C00746E6573730000000000004252494C4CE0
:10225C004F00000000000000000000004C43442030
:10226C005265666C6578000000000000494E5620EF
:10227C0050414E5400000000000000000041555435
:10228C004F4C4F434B0000000000000000424C4FED
:10229C005120415554000000000000000000526124
:1022AC0064696F20496E7465727275707400494E62
:1022BC005420524144494F000000000000003D52A0
:1022CC0065736574000000000000000000000052FF
:1022DC0045534554000000000000000000000000C1
:1022EC0053544F5020574154434800000000000005
:1022FC0043524F4E4F4D4554524F000000000000CA
:10230C000056455253494F4E00000000000000009B
:10231C000056455253494F4E00000000000000008B
:10232C0000252A2E2A7300C6B5C2CAB3ACB3F6B7C1
:10233C00B6CEA721006F7574206F662072616E6730
:10234C0065210043482D2530326400253036580075
:10235C00B9D8B1D5004F464600442530336F4900FB
:10236C00442530336F4E0025644D730025640025E1
:10237C00642E2564736563002564530036307365E1
:10238C00630033307365630025646D696E005630ED
:10239C002E303100C8EDBCFEB0E6B1BE3A2573005C
:1023AC005630312020004669726D776172653A258E
:1023BC007300D3B2BCFEB0E6B1BE3A2573004861DF
:1023CC007264776172653A25730000010204060895
:1023DC000A202530326400616263004142430020D0
:1023EC0050590037362D3130384D687A0036352D3E
:1023FC0037364D687A00446F75626C652057616999
:10240C0074005369676E616C2057616974004150A8
:10241C00414741444F00444F424C452045535000E6
:10242C00455350455241205349470043544443536C
:10243C000043544443532B5369676E616C696E6758
:10244C000043544443532B5345004E494E47554E7D
:10245C004F00544F4E4F00564F5A004E6F6E650052
:10246C00546F6E6500566F696365004E6F726D61D7
:10247C006C005265666C6578004E4F524D414C00B5
:10248C00494E5645525449444F004245455000541C
:10249C004F4E4531323030004D44433132303000F4
:1024AC00546F726368204F6E2F4F666600506F77C3
:1024BC0065722053656C65637420005363616E20F4
:1024CC004F6E2F4F666600564F58204F6E2F4F663B
:1024DC006600416C61726D206F6E2F6F66660052E4
:1024EC006164696F206F6E2F6F6666004E494E47B0
:1024FC00554E41004C494E5445524E4100504F549C
:10250C00454E43494100455343414E455200564FB9
:10251C005800414C41524D4100524144494F2046D4
:10252C004D004C4F474F004D4553534147450056C6
:10253C004F4C54414745004D454E53414A4500567A
:10254C004F4C54414A45002031303030687A0020DD
:10255C0031343530687A002031373530687A0020D4
:10256C0032313030687A00416C6C00544F444F006B
:10257C0044542D535400414E492D53540044542B74
:10258C00414E4900454E474C495348004553504134
:10259C004E4F4C004E414D45004E414D452B465241
:1025AC004551004E4F4D4252450043414E414C0067
:1025BC004E4F4D2B46524551002B00362E323520B6
:1025CC004B0031302E30204B0031322E35204B0059
:1025DC0032302E30204B0032352E30204B0035302F
:1025EC002E30204B0048494748004C4F5700414C77
:1025FC00544F0042414A4F0057494445004E415206
:10260C00524F5700414E43484F0045535452454397
:10261C00484F00424F5400454F5400424F5448001D
:10262C00494E4943494F0046494E414C00414D42A9
:10263C004F5300434F004F4E2053495445005345D0
:10264C004E4420534F554E440053454E4420434F67
:10265C004445004C4F43414C00534F4E49444F00AE
:10266C00434F4449474F004F4E00454E43454E445F
:10267C0049444F00313A3100313A3200313A34009A
:10268C00313000524F49502045434F535953544514
:10269C004D00202020442530336F4E200020202078
:1026AC00253658002020202533642E25302E316409
:1026BC00002020204E4F4E4520002533642E25301F
:1026CC002E3564002020205343414E5154202020AD
:1026DC00002020202053544F502020202000202068
:1026EC0052554E4E494E4720202000E689ABE9A2B8
:1026FC00910053454152434800554846003335300C
:10270C00005648460057582D25303264005023009F
:10271C0046460046460041320041464132410032B5
:10272C0041003219323C463C9600004B2D002D4B9B
:10273C0000463B008C008C3B4600465D00960096A4
:10274C00784235534C562D00534C562D253032645F
:10275C0000434F4E544143544F532044544D460074
:10276C0049442050524F50494F3A20257300253090
:10277C0032642E205B564143494F5D002530326454
:10278C002E20252D3673202D3E20252D3473005000
:10279C0045524449444F00524F4950204345444907
:1027AC0053205354415455530049442042415445FD
:1027BC005249412052535349202045535441444FD0
:1027CC0000253032642020256425252020202D254D
:1027DC003264644220202573004E4F205345204420
:1027EC004554454354414E00444953504F5349546A
:1027FC0049564F53004D454E552048414C462D4CA3
:10280C004946450048414C464C494645204D4145BA
:10281C005354524F0050524553494F4E452050543B
:10282C00542050415241004F544150204155544F77
:10283C002D454E4C41434500454E4C415A41444F69
:10284C00533A202530326420536C6176657300480E
:10285C00414C462D4C494645204F54415000525353
:10286C0053493A2025336420204241543A202532E2
:10287C00642525004553504552414E444F204D414F
:10288C00455354524F00454E4C414345204143540F
:10289C0049564F007F4141415D5555555D55555544
:1028AC005D4141417F081C3E7F3E1C0800081C3ED8
:1028BC007F3E1C08000008083E08080008083E0877
:1028CC00080008083E0808552A552A552A552A5545
:1028DC002A552A552A552A55312E2054454C454DFA
:1028EC00455452494100322E204D444F204D414514
:1028FC005354524F00332E204D444F204553434CDC
:10290C0041564F00342E204147454E4441204454FB
:10291C004D460000F325E1351C1CC2301C1CE13572
:10292C001C1C913B0E1FC2300E1FE1350E1F913B3C
:10293C005C22C2305C22E1355C22913B1C1CDC41E8
:10294C000E1FDC415C22DC41F325DC41F325C23057
:10295C00F325913B48220000542800007A3A0000ED
:10296C0000000000000000006491AFD2FF0A0B0CC5
:10297C000D0E0F0A0B0C0D0E0FFF221E1D2325240E
:10298C0064000A0001000000E803D0072C0190014C
:10299C00F4015802BC0220038403C8B7C8CFB3F5B6
:1029AC00CABCBBAF3F005375726520746F20526573
:1029BC007365743F002020C7EBB5C8B4FD2E2E2ED6
:1029CC00202000506C6561736520576169742E2E50
:1029DC002E002530376400252D2A2E2A730A0D006F
:1029EC00C7EBB5C8B4FD2E2E2E00202020E7A792F1
:1029FC0020E8A1A820202020002053544F5020571D
:102A0C0041544348200020252E32642D2D252E3292
:102A1C00642D2D252E326420202000001808F8008B
:102A2C0080CDF700CCEAF70044D7F70008E1F700B7
:102A3C0090F4F70054FEF70088A8F6005CD9F60075
:102A4C004C23F900828B939CA5B7004F5441502026
:102A5C00454E4C4143450050554C5345205B412F4E
:102A6C00425D20434F4E4649524D415200504F5308
:102A7C004958000020202020202020202028282811
:102A8C00282820202020202020202020202020202A
:102A9C002020202088101010101010101010101072
:102AAC001010101004040404040404040404101092
:102ABC00101010101041414141414101010101012F
:102ACC0001010101010101010101010101010110DB
:102ADC001010101010424242424242020202020204
:102AEC0002020202020202020202020202020210AC
:102AFC00101010200000000000000000000000007A
:102B0C0000000000000000000000000000000000B9
:102B1C0000000000000000000000000000000000A9
:102B2C000000000000000000000000000000000099
:102B3C000000000000000000000000000000000089
:102B4C000000000000000000000000000000000079
:102B5C000000000000000000000000000000000069
:102B6C000000000000000000000000000000000059
:102B7C0000000000232D302B2000686C4C00656693
:102B8C0067454647003031323334353637383941B2
:102B9C0042434445460030313233343536373839C8
:082BAC006162636465660000CC
:082BB40039250008E9200008A2
:042BBC00C12000082C
:102BC000080000200000000000000000F4020020C7
:102BD0005C030020C403002000000000000000008F
:102BE00000000000000000000000000000000000E5
:102BF00000000000000000000000000000000000D5
:102C000000000000000000000000000000000000C4
:102C100000000000000000000000000000000000B4
:102C200000000000000000000000000000000000A4
:102C30000000000000000000000000000000000094
:102C40000000000000000000000000000000000084
:102C50000000000000000000000000000000000074
:102C60000000000000000000000000000000000064
:102C700001000000000000000E33CDAB34126DE601
:102C8000ECDE05000B00000000000000000000006A
:102C90000000000000000000000000000000000034
:102CA0000000000000000000000000000000000024
:102CB0000000000000000000000000000000000014
:102CC0000000000000000000000000000000000004
:102CD00000000000000000000000000000000000F4
:102CE00000000000000000000000000000000000E4
:102CF00000000000000000000000000000000000D4
:102D000000000000000000000000000000000000C3
:102D100000000000000000000000000000000000B3
:102D200000000000000000000000000000000000A3
:102D30000000000000000000000000000000000093
:102D40000000000000000000000000000000000083
:102D50000000000000000000000000000000000073
:102D60000000000000000000000000000000000063
:102D70000000000000000000000000000000000053
:102D80000000000000000000000000000000000043
:102D90000000000000000000000000000000000033
:102DA0000000000000000000000000000000000023
:102DB0000000000000000000000000000000000013
:102DC0000000000000000000000000000000000003
:102DD00000000000000000000000000000000000F3
:102DE00000000000000000000000000000000000E3
:102DF00000000000000000000000000000000000D3
:102E000000000000000000000000000000000000C2
:102E100000000000000000000000000000000000B2
:102E200000000000000000000000000000000000A2
:102E30000000000000000000000000000000000092
:102E40000000000000000000000000000000000082
:102E50000000000000000000000000000000000072
:102E60000000000000000000000000000000000062
:102E70000000000000000000000000000000000052
:102E80000000000000000000000000000000000042
:102E90000000000000000000000000000000000032
:102EA0000000000000000000000000000000000022
:102EB0000000000000000000000000000000000012
:102EC0000000000000000000000000000000000002
:102ED00000000000000000000000000000000000F2
:102EE00000000000000000000000000000000000E2
:102EF00000000000000000000000000000000000D2
:102F000000000000000000000000000000000000C1
:102F100000000000000000000000000000000000B1
:102F200000000000000000000000000000000000A1
:102F30000000000000000000000000000000000091
:102F40000000000000000000000000000000000081
:102F50000000000000000000000000000000000071
:102F60000000000000000000000000000000000061
:102F70000000000000000000000000000000000051
:102F80000000000000000000000000000000000041
:102F90000000000000000000000000000000000031
:102FA0000000000000000000000000000000000021
:102FB0000000000000000000000000000000000011
:102FC0000000000000000000000000000000000001
:102FD00000000000000000000000000000000000F1
:102FE00000000000000000000000000000000000E1
:102FF0002C11002000D8B8050000000001020304D5
:103000000102030406070809271401083F140108F8
:10301000571401086F140108871401089F14010850
:10302000B7140108CF140108E7140108FF140108C0
:1030300017150108231501083B1501085315010850
:103040006B15010871150108771501087D15010838
:1030500083150108891501088F15010895150108C8
:103060009B150108A1150108B4150108C815010830
:10307000A7150108BB150108AE150108C215010806
:10308000FF070D3F341F1F00000000000801010171
:1030900001000404040404040404040404040400FB
:1030A00000000404040404040404020200000000FC
:1030B000000000595B5D5F616366696B00000000A2
:1030C00057595B5D5F61636669000000FAFAFAFABE
:1030D000FAFAFAFAFAFAFAFAFAFAFAFAFAFAFAFA50
:1030E000FAFAFAFAFAFAFAFAFAFAFAFAFAFAFAFA40
:1030F000FAFAFAFAFAFAFAFAFAFAFAFAFAFAFAFA30
:10310000FAFAFAFAFAFAFAFAFAFAFAFA6464646477
:10311000646464646464646464646464646464646F
:10312000646464646464646464646464646464645F
:10313000646464646464646464646464646464644F
:103140006464646464646464646464649696969677
:10315000969696969696969696969696969696960F
:1031600096969696969696969696969696969696FF
:1031700096969696969696969696969696969696EF
:103180009696969696969696969696960C05002006
:103190004C0500208C0500201C0500205C0500204B
:1031A0009C0500202C0500206C050020AC050020AB
:1031B0003C0500207C050020BC0500201F03FFFF0C
:1031C000FFD26500000400888F0000003013010862
:1031D000EE120108041301081A130108461301082E
:1031E000611B0108641B0108681B0108602A0108B3
:1031F0006B1B01086F1B01085F260108652601088B
:103200006C260108422601084A26010855260108B5
:1032100010260108162601080426010809260108BF
:103220001A2401088026010884260108882601083E
:1032300061230108802601088426010888260108E8
:10324000AF250108AA250108B6250108BC250108FB
:10325000A0250108AA25010802270108A5250108C3
:10326000301B010877250108301B01087325010870
:103270001A2401087C2501088225010889250108F6
:10328000612301087C2501088225010889250108A0
:103290001A240108222401082C24010861230108B2
:1032A000022401080E240108EF230108F923010874
:1032B00090250108982501081A240108762601089E
:1032C0006123010873260108762601087326010888
:1032D0001A2401082C260108332601083926010882
:1032E000612301081F26010823260108272601085B
:1032F0002E250108432501084B2501082E2501082C
:10330000332501083B250108562401085E240108E5
:1033100063240108672401086C2401087124010852
:10332000852401088C240108772401087E240108E3
:10333000FC2501083F26010853240108FC2501084B
:103340003F26010853240108F8240108002501083C
:1033500009250108122501081A2501081E25010862
:103360002525010867240108AC240108B9240108B7
:10337000C7240108D3240108DE240108EB24010836
:10338000372401084D240108372401083D24010891
:10339000532501085B250108632501086B250108F9
:1033A0001A240108962401089B24010861230108BE
:1033B000962401089B240108FA250108FF2501082D
:1033C000F1250108F62501081A240108C525010880
:1033D000F119010861230108C5250108F119010847
:1033E000D6250108E4250108C7250108CE250108D6
:1033F000D5250108DC250108E3250108EA25010897
:103400009E230108581B0108961B01088A26010803
:103410009A1A01089F1A0108A51A0108AA1A010898
:10342000B01A01088C260108010000008011010873
:1034300091110108A2110108C4110108B31101087A
:103440004300000000000000000000000000000039
:10345000000000000000000000000000000000006C
:103460004300000000000000000000000000000019
:10347000000000000000000000000000000000004C
:1034800043000000000000000000000000000000F9
:10349000000000000000000000000000000000002C
:1034A00043000000000000000000000000000000D9
:1034B000000000000000000000000000000000000C
:1034C00043000000000000000000000000000000B9
:1034D00000000000000000000000000000000000EC
:1034E0004300000000000000000000000000000099
:1034F00000000000000000000000000000000000CC
:103500004300000000000000000000000000000078
:1035100000000000000000000000000000000000AB
:1035200005090108E7060108000000007F2A0108DC
:10353000011A0108EB290108EB290108EB29010810
:10354000EB290108EB290108EB290108EB29010807
:10355000EB290108EB290108FFFFFFFFFFFFFFFF39
:10356000FFFFFFFFFFFF00000100415343494900F7
:10357000000000000000000000000000000000004B
:1035800000000000000000000000415343494900D2
:10359000000000000000000000000000000000002B
:0C35A0000000000000000000000000001F
:1035AC00000000000000000000000000000000000F
:1035BC0000000000000000000000000000000000FF
:1035CC0000000000000000000000000000000000EF
:1035DC0000000000000000000000000000000000DF
:1035EC0000000000000000000000000000000000CF
:1035FC0000000000000000000000000000000000BF
:10360C0000000000000000000000000000000000AE
:10361C00000000000000000000000000000000009E
:10362C00000000000000000000000000000000008E
:10363C00000000000000000000000000000000007E
:10364C00000000000000000000000000000000006E
:10365C00000000000000000000000000000000005E
:10366C00000000000000000000000000000000004E
:10367C00000000000000000000000000000000003E
:10368C00000000000000000000000000000000002E
:10369C00000000000000000000000000000000001E
:1036AC00000000000000000000000000000000000E
:1036BC0000000000000000000000000000000000FE
:1036CC0000000000000000000000000000000000EE
:1036DC0000000000000000000000000000000000DE
:1036EC0000000000000000000000000000000000CE
:1036FC0000000000000000000000000000000000BE
:10370C0000000000000000000000000000000000AD
:10371C00000000000000000000000000000000009D
:10372C00000000000000000000000000000000008D
:10373C00000000000000000000000000000000007D
:10374C00000000000000000000000000000000006D
:10375C00000000000000000000000000000000005D
:10376C00000000000000000000000000000000004D
:10377C00000000000000000000000000000000003D
:10378C00000000000000000000000000000000002D
:10379C00000000000000000000000000000000001D
:1037AC00000000000000000000000000000000000D
:1037BC0000000000000000000000000000000000FD
:1037CC0000000000000000000000000000000000ED
:1037DC0000000000000000000000000000000000DD
:1037EC0000000000000000000000000000000000CD
:1037FC0000000000000000000000000000000000BD
:10380C0000000000000000000000000000000000AC
:10381C00000000000000000000000000000000009C
:10382C00000000000000000000000000000000008C
:10383C00000000000000000000000000000000007C
:10384C00000000000000000000000000000000006C
:10385C00000000000000000000000000000000005C
:10386C00000000000000000000000000000000004C
:10387C00000000000000000000000000000000003C
:10388C00000000000000000000000000000000002C
:10389C00000000000000000000000000000000001C
:1038AC00000000000000000000000000000000000C
:1038BC0000000000000000000000000000000000FC
:1038CC0000000000000000000000000000000000EC
:1038DC0000000000000000000000000000000000DC
:1038EC0000000000000000000000000000000000CC
:1038FC0000000000000000000000000000000000BC
:10390C0000000000000000000000000000000000AB
:10391C00000000000000000000000000000000009B
:10392C00000000000000000000000000000000008B
:10393C00000000000000000000000000000000007B
:10394C00000000000000000000000000000000006B
:10395C00000000000000000000000000000000005B
:10396C00000000000000000000000000000000004B
:10397C00000000000000000000000000000000003B
:10398C00000000000000000000000000000000002B
:10399C00000000000000000000000000000000001B
:1039AC00000000000000000000000000000000000B
:1039BC0000000000000000000000000000000000FB
:1039CC0000000000000000000000000000000000EB
:1039DC0000000000000000000000000000000000DB
:1039EC0000000000000000000000000000000000CB
:1039FC0000000000000000000000000000000000BB
:103A0C0000000000000000000000000000000000AA
:103A1C00000000000000000000000000000000009A
:103A2C00000000000000000000000000000000008A
:103A3C00000000000000000000000000000000007A
:103A4C00000000000000000000000000000000006A
:103A5C00000000000000000000000000000000005A
:103A6C00000000000000000000000000000000004A
:103A7C00000000000000000000000000000000003A
:103A8C00000000000000000000000000000000002A
:103A9C00000000000000000000000000000000001A
:103AAC00000000000000000000000000000000000A
:103ABC0000000000000000000000000000000000FA
:103ACC0000000000000000000000000000000000EA
:103ADC0000000000000000000000000000000000DA
:103AEC0000000000000000000000000000000000CA
:103AFC0000000000000000000000000000000000BA
:103B0C0000000000000000000000000000000000A9
:103B1C000000000000000000000000000000000099
:103B2C000000000000000000000000000000000089
:103B3C000000000000000000000000000000000079
:103B4C000000000000000000000000000000000069
:103B5C000000000000000000000000000000000059
:103B6C000000000000000000000000000000000049
:103B7C000000000000000000000000000000000039
:103B8C000000000000000000000000000000000029
:103B9C000000000000000000000000000000000019
:103BAC000000000000000000000000000000000009
:103BBC0000000000000000000000000000000000F9
:103BCC0000000000000000000000000000000000E9
:103BDC0000000000000000000000000000000000D9
:103BEC0000000000000000000000000000000000C9
:103BFC0000000000000000000000000000000000B9
:103C0C0000000000000000000000000000000000A8
:103C1C000000000000000000000000000000000098
:103C2C000000000000000000000000000000000088
:103C3C000000000000000000000000000000000078
:103C4C000000000000000000000000000000000068
:103C5C000000000000000000000000000000000058
:103C6C000000000000000000000000000000000048
:103C7C000000000000000000000000000000000038
:103C8C000000000000000000000000000000000028
:103C9C000000000000000000000000000000000018
:103CAC000000000000000000000000000000000008
:103CBC0000000000000000000000000000000000F8
:103CCC0000000000000000000000000000000000E8
:103CDC0000000000000000000000000000000000D8
:103CEC0000000000000000000000000000000000C8
:103CFC0000000000000000000000000000000000B8
:103D0C0000000000000000000000000000000000A7
:103D1C000000000000000000000000000000000097
:103D2C000000000000000000000000000000000087
:103D3C000000000000000000000000000000000077
:103D4C000000000000000000000000000000000067
:103D5C000000000000000000000000000000000057
:103D6C000000000000000000000000000000000047
:103D7C000000000000000000000000000000000037
:103D8C000000000000000000000000000000000027
:103D9C000000000000000000000000000000000017
:103DAC000000000000000000000000000000000007
:103DBC0000000000000000000000000000000000F7
:103DCC0000000000000000000000000000000000E7
:103DDC0000000000000000000000000000000000D7
:103DEC0000000000000000000000000000000000C7
:103DFC0000000000000000000000000000000000B7
:103E0C0000000000000000000000000000000000A6
:103E1C000000000000000000000000000000000096
:103E2C000000000000000000000000000000000086
:103E3C000000000000000000000000000000000076
:103E4C000000000000000000000000000000000066
:103E5C000000000000000000000000000000000056
:103E6C000000000000000000000000000000000046
:103E7C000000000000000000000000000000000036
:103E8C000000000000000000000000000000000026
:103E9C000000000000000000000000000000000016
:103EAC000000000000000000000000000000000006
:103EBC0000000000000000000000000000000000F6
:103ECC0000000000000000000000000000000000E6
:103EDC0000000000000000000000000000000000D6
:103EEC0000000000000000000000000000000000C6
:103EFC0000000000000000000000000000000000B6
:103F0C0000000000000000000000000000000000A5
:103F1C000000000000000000000000000000000095
:103F2C000000000000000000000000000000000085
:103F3C000000000000000000000000000000000075
:103F4C000000000000000000000000000000000065
:103F5C000000000000000000000000000000000055
:103F6C000000000000000000000000000000000045
:103F7C000000000000000000000000000000000035
:103F8C000000000000000000000000000000000025
:103F9C000000000000000000000000000000000015
:103FAC000000000000000000000000000000000005
:103FBC0000000000000000000000000000000000F5
:103FCC0000000000000000000000000000000000E5
:103FDC0000000000000000000000000000000000D5
:103FEC0000000000000000000000000000000000C5
:103FFC0000000000000000000000000000000000B5
:10400C0000000000000000000000000000000000A4
:10401C000000000000000000000000000000000094
:10402C000000000000000000000000000000000084
:10403C000000000000000000000000000000000074
:10404C000000000000000000000000000000000064
:10405C000000000000000000000000000000000054
:10406C000000000000000000000000000000000044
:10407C000000000000000000000000000000000034
:10408C000000000000000000000000000000000024
:10409C000000000000000000000000000000000014
:1040AC000000000000000000000000000000000004
:1040BC0000000000000000000000000000000000F4
:1040CC0000000000000000000000000000000000E4
:1040DC0000000000000000000000000000000000D4
:1040EC0000000000000000000000000000000000C4
:1040FC0000000000000000000000000000000000B4
:10410C0000000000000000000000000000000000A3
:10411C000000000000000000000000000000000093
:10412C000000000000000000000000000000000083
:10413C000000000000000000000000000000000073
:10414C000000000000000000000000000000000063
:10415C000000000000000000000000000000000053
:10416C000000000000000000000000000000000043
:10417C000000000000000000000000000000000033
:10418C000000000000000000000000000000000023
:10419C000000000000000000000000000000000013
:1041AC000000000000000000000000000000000003
:1041BC0000000000000000000000000000000000F3
:1041CC0000000000000000000000000000000000E3
:1041DC0000000000000000000000000000000000D3
:1041EC0000000000000000000000000000000000C3
:1041FC0000000000000000000000000000000000B3
:10420C0000000000000000000000000000000000A2
:10421C000000000000000000000000000000000092
:10422C000000000000000000000000000000000082
:10423C000000000000000000000000000000000072
:10424C000000000000000000000000000000000062
:10425C000000000000000000000000000000000052
:10426C000000000000000000000000000000000042
:10427C000000000000000000000000000000000032
:10428C000000000000000000000000000000000022
:10429C000000000000000000000000000000000012
:1042AC000000000000000000000000000000000002
:1042BC0000000000000000000000000000000000F2
:1042CC0000000000000000000000000000000000E2
:1042DC0000000000000000000000000000000000D2
:1042EC0000000000000000000000000000000000C2
:1042FC0000000000000000000000000000000000B2
:10430C0000000000000000000000000000000000A1
:10431C000000000000000000000000000000000091
:10432C000000000000000000000000000000000081
:10433C000000000000000000000000000000000071
:10434C000000000000000000000000000000000061
:10435C000000000000000000000000000000000051
:10436C000000000000000000000000000000000041
:10437C000000000000000000000000000000000031
:10438C000000000000000000000000000000000021
:10439C000000000000000000000000000000000011
:1043AC000000000000000000000000000000000001
:1043BC0000000000000000000000000000000000F1
:1043CC0000000000000000000000000000000000E1
:1043DC0000000000000000000000000000000000D1
:1043EC0000000000000000000000000000000000C1
:1043FC0000000000000000000000000000000000B1
:10440C0000000000000000000000000000000000A0
:10441C000000000000000000000000000000000090
:10442C000000000000000000000000000000000080
:10443C000000000000000000000000000000000070
:10444C000000000000000000000000000000000060
:10445C000000000000000000000000000000000050
:10446C000000000000000000000000000000000040
:10447C000000000000000000000000000000000030
:10448C000000000000000000000000000000000020
:10449C000000000000000000000000000000000010
:1044AC000000000000000000000000000000000000
:1044BC0000000000000000000000000000000000F0
:1044CC0000000000000000000000000000000000E0
:1044DC0000000000000000000000000000000000D0
:1044EC0000000000000000000000000000000000C0
:1044FC0000000000000000000000000000000000B0
:10450C00000000000000000000000000000000009F
:10451C00000000000000000000000000000000008F
:10452C00000000000000000000000000000000007F
:10453C00000000000000000000000000000000006F
:10454C00000000000000000000000000000000005F
:10455C00000000000000000000000000000000004F
:10456C00000000000000000000000000000000003F
:10457C00000000000000000000000000000000002F
:10458C00000000000000000000000000000000001F
:10459C00000000000000000000000000000000000F
:1045AC0000000000000000000000000000000000FF
:1045BC0000000000000000000000000000000000EF
:1045CC0000000000000000000000000000000000DF
:1045DC0000000000000000000000000000000000CF
:1045EC0000000000000000000000000000000000BF
:1045FC0000000000000000000000000000000000AF
:10460C00000000000000000000000000000000009E
:10461C00000000000000000000000000000000008E
:10462C00000000000000000000000000000000007E
:10463C00000000000000000000000000000000006E
:10464C00000000000000000000000000000000005E
:10465C00000000000000000000000000000000004E
:10466C00000000000000000000000000000000003E
:10467C00000000000000000000000000000000002E
:10468C00000000000000000000000000000000001E
:10469C00000000000000000000000000000000000E
:1046AC0000000000000000000000000000000000FE
:1046BC0000000000000000000000000000000000EE
:1046CC0000000000000000000000000000000000DE
:1046DC0000000000000000000000000000000000CE
:1046EC0000000000000000000000000000000000BE
:1046FC0000000000000000000000000000000000AE
:10470C00000000000000000000000000000000009D
:10471C00000000000000000000000000000000008D
:10472C00000000000000000000000000000000007D
:10473C00000000000000000000000000000000006D
:10474C00000000000000000000000000000000005D
:10475C00000000000000000000000000000000004D
:10476C00000000000000000000000000000000003D
:10477C00000000000000000000000000000000002D
:10478C00000000000000000000000000000000001D
:10479C00000000000000000000000000000000000D
:1047AC0000000000000000000000000000000000FD
:1047BC0000000000000000000000000000000000ED
:1047CC0000000000000000000000000000000000DD
:1047DC0000000000000000000000000000000000CD
:1047EC0000000000000000000000000000000000BD
:1047FC0000000000000000000000000000000000AD
:10480C00000000000000000000000000000000009C
:10481C00000000000000000000000000000000008C
:10482C00000000000000000000000000000000007C
:10483C00000000000000000000000000000000006C
:10484C00000000000000000000000000000000005C
:10485C00000000000000000000000000000000004C
:10486C00000000000000000000000000000000003C
:10487C00000000000000000000000000000000002C
:10488C00000000000000000000000000000000001C
:10489C00000000000000000000000000000000000C
:1048AC0000000000000000000000000000000000FC
:1048BC0000000000000000000000000000000000EC
:1048CC0000000000000000000000000000000000DC
:1048DC0000000000000000000000000000000000CC
:1048EC0000000000000000000000000000000000BC
:1048FC0000000000000000000000000000000000AC
:10490C00000000000000000000000000000000009B
:10491C00000000000000000000000000000000008B
:10492C00000000000000000000000000000000007B
:10493C00000000000000000000000000000000006B
:10494C00000000000000000000000000000000005B
:10495C00000000000000000000000000000000004B
:10496C00000000000000000000000000000000003B
:10497C00000000000000000000000000000000002B
:10498C00000000000000000000000000000000001B
:10499C00000000000000000000000000000000000B
:1049AC0000000000000000000000000000000000FB
:1049BC0000000000000000000000000000000000EB
:1049CC0000000000000000000000000000000000DB
:1049DC0000000000000000000000000000000000CB
:1049EC0000000000000000000000000000000000BB
:1049FC0000000000000000000000000000000000AB
:104A0C00000000000000000000000000000000009A
:104A1C00000000000000000000000000000000008A
:104A2C00000000000000000000000000000000007A
:104A3C00000000000000000000000000000000006A
:104A4C00000000000000000000000000000000005A
:104A5C00000000000000000000000000000000004A
:104A6C00000000000000000000000000000000003A
:104A7C00000000000000000000000000000000002A
:104A8C00000000000000000000000000000000001A
:104A9C00000000000000000000000000000000000A
:104AAC0000000000000000000000000000000000FA
:104ABC0000000000000000000000000000000000EA
:104ACC0000000000000000000000000000000000DA
:104ADC0000000000000000000000000000000000CA
:104AEC0000000000000000000000000000000000BA
:104AFC0000000000000000000000000000000000AA
:104B0C000000000000000000000000000000000099
:104B1C000000000000000000000000000000000089
:104B2C000000000000000000000000000000000079
:104B3C000000000000000000000000000000000069
:104B4C000000000000000000000000000000000059
:104B5C000000000000000000000000000000000049
:104B6C000000000000000000000000000000000039
:104B7C000000000000000000000000000000000029
:104B8C000000000000000000000000000000000019
:104B9C000000000000000000000000000000000009
:104BAC0000000000000000000000000000000000F9
:104BBC0000000000000000000000000000000000E9
:104BCC0000000000000000000000000000000000D9
:104BDC0000000000000000000000000000000000C9
:104BEC0000000000000000000000000000000000B9
:104BFC0000000000000000000000000000000000A9
:104C0C000000000000000000000000000000000098
:104C1C000000000000000000000000000000000088
:104C2C000000000000000000000000000000000078
:104C3C000000000000000000000000000000000068
:104C4C000000000000000000000000000000000058
:104C5C000000000000000000000000000000000048
:104C6C000000000000000000000000000000000038
:104C7C000000000000000000000000000000000028
:104C8C000000000000000000000000000000000018
:104C9C000000000000000000000000000000000008
:104CAC0000000000000000000000000000000000F8
:104CBC0000000000000000000000000000000000E8
:104CCC0000000000000000000000000000000000D8
:104CDC0000000000000000000000000000000000C8
:104CEC0000000000000000000000000000000000B8
:104CFC0000000000000000000000000000000000A8
:104D0C000000000000000000000000000000000097
:104D1C000000000000000000000000000000000087
:104D2C000000000000000000000000000000000077
:104D3C000000000000000000000000000000000067
:104D4C000000000000000000000000000000000057
:104D5C000000000000000000000000000000000047
:104D6C000000000000000000000000000000000037
:104D7C000000000000000000000000000000000027
:104D8C000000000000000000000000000000000017
:104D9C000000000000000000000000000000000007
:104DAC0000000000000000000000000000000000F7
:104DBC0000000000000000000000000000000000E7
:104DCC0000000000000000000000000000000000D7
:104DDC0000000000000000000000000000000000C7
:104DEC0000000000000000000000000000000000B7
:104DFC0000000000000000000000000000000000A7
:104E0C000000000000000000000000000000000096
:104E1C000000000000000000000000000000000086
:104E2C000000000000000000000000000000000076
:104E3C000000000000000000000000000000000066
:104E4C000000000000000000000000000000000056
:104E5C000000000000000000000000000000000046
:104E6C000000000000000000000000000000000036
:104E7C000000000000000000000000000000000026
:104E8C000000000000000000000000000000000016
:104E9C000000000000000000000000000000000006
:104EAC0000000000000000000000000000000000F6
:104EBC0000000000000000000000000000000000E6
:104ECC0000000000000000000000000000000000D6
:104EDC0000000000000000000000000000000000C6
:104EEC0000000000000000000000000000000000B6
:104EFC0000000000000000000000000000000000A6
:104F0C000000000000000000000000000000000095
:104F1C000000000000000000000000000000000085
:104F2C000000000000000000000000000000000075
:104F3C000000000000000000000000000000000065
:104F4C000000000000000000000000000000000055
:104F5C000000000000000000000000000000000045
:104F6C000000000000000000000000000000000035
:104F7C000000000000000000000000000000000025
:104F8C000000000000000000000000000000000015
:104F9C000000000000000000000000000000000005
:104FAC0000000000000000000000000000000000F5
:104FBC0000000000000000000000000000000000E5
:104FCC0000000000000000000000000000000000D5
:104FDC0000000000000000000000000000000000C5
:104FEC0000000000000000000000000000000000B5
:104FFC0000000000000000000000000000000000A5
:10500C000000000000000000000000000000000094
:10501C000000000000000000000000000000000084
:10502C000000000000000000000000000000000074
:10503C000000000000000000000000000000000064
:10504C000000000000000000000000000000000054
:10505C000000000000000000000000000000000044
:10506C000000000000000000000000000000000034
:10507C000000000000000000000000000000000024
:10508C000000000000000000000000000000000014
:10509C000000000000000000000000000000000004
:1050AC0000000000000000000000000000000000F4
:1050BC0000000000000000000000000000000000E4
:1050CC0000000000000000000000000000000000D4
:1050DC0000000000000000000000000000000000C4
:1050EC0000000000000000000000000000000000B4
:1050FC0000000000000000000000000000000000A4
:10510C000000000000000000000000000000000093
:10511C000000000000000000000000000000000083
:10512C000000000000000000000000000000000073
:10513C000000000000000000000000000000000063
:10514C000000000000000000000000000000000053
:10515C000000000000000000000000000000000043
:10516C000000000000000000000000000000000033
:10517C000000000000000000000000000000000023
:10518C000000000000000000000000000000000013
:10519C000000000000000000000000000000000003
:1051AC0000000000000000000000000000000000F3
:1051BC0000000000000000000000000000000000E3
:1051CC0000000000000000000000000000000000D3
:1051DC0000000000000000000000000000000000C3
:1051EC0000000000000000000000000000000000B3
:1051FC0000000000000000000000000000000000A3
:10520C000000000000000000000000000000000092
:10521C000000000000000000000000000000000082
:10522C000000000000000000000000000000000072
:10523C000000000000000000000000000000000062
:10524C000000000000000000000000000000000052
:10525C000000000000000000000000000000000042
:10526C000000000000000000000000000000000032
:10527C000000000000000000000000000000000022
:10528C000000000000000000000000000000000012
:10529C000000000000000000000000000000000002
:1052AC0000000000000000000000000000000000F2
:1052BC0000000000000000000000000000000000E2
:1052CC0000000000000000000000000000000000D2
:1052DC0000000000000000000000000000000000C2
:1052EC0000000000000000000000000000000000B2
:1052FC0000000000000000000000000000000000A2
:10530C000000000000000000000000000000000091
:10531C000000000000000000000000000000000081
:10532C000000000000000000000000000000000071
:10533C000000000000000000000000000000000061
:10534C000000000000000000000000000000000051
:10535C000000000000000000000000000000000041
:10536C000000000000000000000000000000000031
:10537C000000000000000000000000000000000021
:10538C000000000000000000000000000000000011
:10539C000000000000000000000000000000000001
:1053AC0000000000000000000000000000000000F1
:1053BC0000000000000000000000000000000000E1
:1053CC0000000000000000000000000000000000D1
:1053DC0000000000000000000000000000000000C1
:1053EC0000000000000000000000000000000000B1
:1053FC0000000000000000000000000000000000A1
:10540C000000000000000000000000000000000090
:10541C000000000000000000000000000000000080
:10542C000000000000000000000000000000000070
:10543C000000000000000000000000000000000060
:10544C000000000000000000000000000000000050
:10545C000000000000000000000000000000000040
:10546C000000000000000000000000000000000030
:10547C000000000000000000000000000000000020
:10548C000000000000000000000000000000000010
:10549C000000000000000000000000000000000000
:1054AC0000000000000000000000000000000000F0
:1054BC0000000000000000000000000000000000E0
:1054CC0000000000000000000000000000000000D0
:1054DC0000000000000000000000000000000000C0
:1054EC0000000000000000000000000000000000B0
:1054FC0000000000000000000000000000000000A0
:10550C00000000000000000000000000000000008F
:10551C00000000000000000000000000000000007F
:10552C00000000000000000000000000000000006F
:10553C00000000000000000000000000000000005F
:10554C00000000000000000000000000000000004F
:10555C00000000000000000000000000000000003F
:10556C00000000000000000000000000000000002F
:10557C00000000000000000000000000000000001F
:10558C00000000000000000000000000000000000F
:10559C0000000000000000000000000000000000FF
:1055AC0000000000000000000000000000000000EF
:1055BC0000000000000000000000000000000000DF
:1055CC0000000000000000000000000000000000CF
:1055DC0000000000000000000000000000000000BF
:1055EC0000000000000000000000000000000000AF
:1055FC00000000000000000000000000000000009F
:10560C00000000000000000000000000000000008E
:10561C00000000000000000000000000000000007E
:10562C00000000000000000000000000000000006E
:10563C00000000000000000000000000000000005E
:10564C00000000000000000000000000000000004E
:10565C00000000000000000000000000000000003E
:10566C00000000000000000000000000000000002E
:10567C00000000000000000000000000000000001E
:10568C00000000000000000000000000000000000E
:10569C0000000000000000000000000000000000FE
:1056AC0000000000000000000000000000000000EE
:1056BC0000000000000000000000000000000000DE
:1056CC0000000000000000000000000000000000CE
:1056DC0000000000000000000000000000000000BE
:1056EC0000000000000000000000000000000000AE
:1056FC00000000000000000000000000000000009E
:10570C00000000000000000000000000000000008D
:10571C00000000000000000000000000000000007D
:10572C00000000000000000000000000000000006D
:10573C00000000000000000000000000000000005D
:10574C00000000000000000000000000000000004D
:10575C00000000000000000000000000000000003D
:10576C00000000000000000000000000000000002D
:10577C00000000000000000000000000000000001D
:10578C00000000000000000000000000000000000D
:10579C0000000000000000000000000000000000FD
:1057AC0000000000000000000000000000000000ED
:1057BC0000000000000000000000000000000000DD
:1057CC0000000000000000000000000000000000CD
:1057DC0000000000000000000000000000000000BD
:0457EC0000000000B9
:040000050800269138
:00000001FF
